rbd,dvrbd,nom_rbd,cod_reg_rbd,region,cod_pro_rbd,provincia,cod_com_rbd,comuna,nalu_mate4b_rbd,prom_mate4b_rbd,marca_mate4b_rbd,obs_puntaje,motivo_exclusion,noaplica,codigo_bbdd,fecha_bbdd,grado,agno,marca_2_con_puntaje
687,4,ESCUELA DE HUANTA,4,Coquimbo,41,Elqui,4106,Vicuña,1,,1.0,"No es posible reportar resultados, porque la cantidad de estudiantes evaluados es insuficiente. (6 o menos)",Observación de puntaje,0,v22025,2026-06-22,4b,2025,False
7185,4,ESCUELA PARTICULAR LOS AVELLANOS,14,Los Ríos,142,Ranco,14201,La Unión,0,,,,Sin alumnos evaluados,1,v22025,2026-06-22,4b,2025,False
6521,8,ESCUELA BASICA CAMARONES,9,La Araucanía,91,Cautín,9102,Carahue,1,,1.0,"No es posible reportar resultados, porque la cantidad de estudiantes evaluados es insuficiente. (6 o menos)",Observación de puntaje,0,v22025,2026-06-22,4b,2025,False
879,6,ESCUELA BASICA BENJAMIN VICUNA MACKENNA,4,Coquimbo,43,Limarí,4302,Combarbalá,1,,1.0,"No es posible reportar resultados, porque la cantidad de estudiantes evaluados es insuficiente. (6 o menos)",Observación de puntaje,0,v22025,2026-06-22,4b,2025,False
11576,2,ESCUELA PARTICULAR N.290 LOS RADALES,10,Los Lagos,101,Llanquihue,10105,Frutillar,1,,1.0,"No es posible reportar resultados, porque la cantidad de estudiantes evaluados es insuficiente. (6 o menos)",Observación de puntaje,0,v22025,2026-06-22,4b,2025,False
4414,8,ESCUELA BASICA MUNILQUE IZAURIETA,8,Biobío,83,Biobío,8305,Mulchén,1,,1.0,"No es posible reportar resultados, porque la cantidad de estudiantes evaluados es insuficiente. (6 o menos)",Observación de puntaje,0,v22025,2026-06-22,4b,2025,False
1002,2,ESCUELA PARTICULAR EL SOCAVON,4,Coquimbo,42,Choapa,4201,Illapel,1,,1.0,"No es posible reportar resultados, porque la cantidad de estudiantes evaluados es insuficiente. (6 o menos)",Observación de puntaje,0,v22025,2026-06-22,4b,2025,False
564,9,COLEGIO LA ESTRELLA,4,Coquimbo,41,Elqui,4101,La Serena,0,,,,Sin alumnos evaluados,1,v22025,2026-06-22,4b,2025,False
22353,0,ESCUELA PARTICULAR TRULLUN MAPU,14,Los Ríos,141,Valdivia,14108,Panguipulli,1,,1.0,"No es posible reportar resultados, porque la cantidad de estudiantes evaluados es insuficiente. (6 o menos)",Observación de puntaje,0,v22025,2026-06-22,4b,2025,False
6083,6,ESCUELA PARTICULAR RELICURA,9,La Araucanía,91,Cautín,9115,Pucón,1,,1.0,"No es posible reportar resultados, porque la cantidad de estudiantes evaluados es insuficiente. (6 o menos)",Observación de puntaje,0,v22025,2026-06-22,4b,2025,False
3853,9,ESCUELA JULIO MONTT SALAMANCA,16,Ñuble,163,Punilla,16302,Coihueco,1,,1.0,"No es posible reportar resultados, porque la cantidad de estudiantes evaluados es insuficiente. (6 o menos)",Observación de puntaje,0,v22025,2026-06-22,4b,2025,False
20504,4,CENTRO EDUCACIONAL HACIENDA DE TENO,7,Maule,73,Curicó,7308,Teno,0,,,,Sin alumnos evaluados,2,v22025,2026-06-22,4b,2025,False
2522,4,ESCUELA MUNICIPAL SN LUIS DE MANANTIALE,6,Libertador General Bernardo O'Higgins,63,Colchagua,6308,Placilla,0,,,,Sin alumnos evaluados,2,v22025,2026-06-22,4b,2025,False
89,2,ESCUELA HUMAPALCA,15,Arica y Parinacota,152,Parinacota,15202,General Lagos,1,,1.0,"No es posible reportar resultados, porque la cantidad de estudiantes evaluados es insuficiente. (6 o menos)",Observación de puntaje,0,v22025,2026-06-22,4b,2025,False
836,2,ESCUELA INES DE SUAREZ,4,Coquimbo,43,Limarí,4303,Monte Patria,1,,1.0,"No es posible reportar resultados, porque la cantidad de estudiantes evaluados es insuficiente. (6 o menos)",Observación de puntaje,0,v22025,2026-06-22,4b,2025,False
4417,2,ESCUELA BASICA SAN LUIS DE MALVEN,8,Biobío,83,Biobío,8305,Mulchén,1,,1.0,"No es posible reportar resultados, porque la cantidad de estudiantes evaluados es insuficiente. (6 o menos)",Observación de puntaje,0,v22025,2026-06-22,4b,2025,False
7534,5,ESCUELA RURAL CONCORDIA,10,Los Lagos,103,Osorno,10303,Purranque,1,,1.0,"No es posible reportar resultados, porque la cantidad de estudiantes evaluados es insuficiente. (6 o menos)",Observación de puntaje,0,v22025,2026-06-22,4b,2025,False
6495,5,ESCUELA RUCA RAQUI,9,La Araucanía,91,Cautín,9116,Saavedra,1,,1.0,"No es posible reportar resultados, porque la cantidad de estudiantes evaluados es insuficiente. (6 o menos)",Observación de puntaje,0,v22025,2026-06-22,4b,2025,False
8267,8,ESCUELA RURAL HUELPUN,10,Los Lagos,102,Chiloé,10208,Quellón,1,,1.0,"No es posible reportar resultados, porque la cantidad de estudiantes evaluados es insuficiente. (6 o menos)",Observación de puntaje,0,v22025,2026-06-22,4b,2025,False
13116,4,ESCUELA BÁSICA RURAL JAIME PROHENS,3,Atacama,31,Copiapó,3103,Tierra Amarilla,1,,1.0,"No es posible reportar resultados, porque la cantidad de estudiantes evaluados es insuficiente. (6 o menos)",Observación de puntaje,0,v22025,2026-06-22,4b,2025,False
8184,1,ESCUELA RURAL LLINGUA,10,Los Lagos,102,Chiloé,10210,Quinchao,1,,1.0,"No es posible reportar resultados, porque la cantidad de estudiantes evaluados es insuficiente. (6 o menos)",Observación de puntaje,0,v22025,2026-06-22,4b,2025,False
2373,6,ESCUELA BASICA SAN JOSE,6,Libertador General Bernardo O'Higgins,61,Cachapoal,6113,Pichidegua,1,,1.0,"No es posible reportar resultados, porque la cantidad de estudiantes evaluados es insuficiente. (6 o menos)",Observación de puntaje,0,v22025,2026-06-22,4b,2025,False
4357,5,ESCUELA BASICA VILLACURA,8,Biobío,83,Biobío,8311,Santa Bárbara,1,,1.0,"No es posible reportar resultados, porque la cantidad de estudiantes evaluados es insuficiente. (6 o menos)",Observación de puntaje,0,v22025,2026-06-22,4b,2025,False
6956,6,ESCUELA RURAL ALICIA MERA OVALLE,14,Los Ríos,141,Valdivia,14104,Los Lagos,0,,,,Sin alumnos evaluados,1,v22025,2026-06-22,4b,2025,False
2542,9,ESCUELA LUZ MARIA CRESPO URETA DE KERES,6,Libertador General Bernardo O'Higgins,63,Colchagua,6302,Chépica,8,249.0,2.0,"Por causas ajenas a la Agencia, los resultados no son representativos del desempeño de los estudiantes",Observación de puntaje,0,v22025,2026-06-22,4b,2025,True
8144,2,ESCUELA RURAL CESAR GOMEZ GARCIA,10,Los Lagos,102,Chiloé,10205,Dalcahue,1,,1.0,"No es posible reportar resultados, porque la cantidad de estudiantes evaluados es insuficiente. (6 o menos)",Observación de puntaje,0,v22025,2026-06-22,4b,2025,False
11928,8,ESCUELA ANTILLANCA,13,Metropolitana de Santiago,132,Cordillera,13201,Puente Alto,8,264.0,2.0,"Por causas ajenas a la Agencia, los resultados no son representativos del desempeño de los estudiantes",Observación de puntaje,0,v22025,2026-06-22,4b,2025,True
15569,1,ESCUELA PUERTECILLO,6,Libertador General Bernardo O'Higgins,62,Cardenal Caro,6205,Navidad,1,,1.0,"No es posible reportar resultados, porque la cantidad de estudiantes evaluados es insuficiente. (6 o menos)",Observación de puntaje,0,v22025,2026-06-22,4b,2025,False
3189,5,ESCUELA TERESA CONSUELO,7,Maule,71,Talca,7102,Constitución,1,,1.0,"No es posible reportar resultados, porque la cantidad de estudiantes evaluados es insuficiente. (6 o menos)",Observación de puntaje,0,v22025,2026-06-22,4b,2025,False
25954,3,ESC. BAS. Y ESP. NTRA. SRA. DE LAS NIEV,13,Metropolitana de Santiago,134,Maipo,13401,San Bernardo,25,243.0,2.0,"Por causas ajenas a la Agencia, los resultados no son representativos del desempeño de los estudiantes",Observación de puntaje,0,v22025,2026-06-22,4b,2025,True
5204,3,ESCUELA LOS MAQUIS,8,Biobío,82,Arauco,8207,Tirúa,1,,1.0,"No es posible reportar resultados, porque la cantidad de estudiantes evaluados es insuficiente. (6 o menos)",Observación de puntaje,0,v22025,2026-06-22,4b,2025,False
8164,7,ESCUELA RURAL TOLQUIEN,10,Los Lagos,102,Chiloé,10204,Curaco de Vélez,1,,1.0,"No es posible reportar resultados, porque la cantidad de estudiantes evaluados es insuficiente. (6 o menos)",Observación de puntaje,0,v22025,2026-06-22,4b,2025,False
5353,8,ESCUELA BASICA REPUBLICA DE MEXICO,9,La Araucanía,92,Malleco,9203,Curacautín,9,273.0,2.0,"Por causas ajenas a la Agencia, los resultados no son representativos del desempeño de los estudiantes",Observación de puntaje,0,v22025,2026-06-22,4b,2025,True
7580,9,ESCUELA RURAL PULOTRE,10,Los Lagos,103,Osorno,10306,San Juan de la Costa,1,,1.0,"No es posible reportar resultados, porque la cantidad de estudiantes evaluados es insuficiente. (6 o menos)",Observación de puntaje,0,v22025,2026-06-22,4b,2025,False
7431,4,ESCUELA RURAL TRUMAO,10,Los Lagos,103,Osorno,10307,San Pablo,1,,1.0,"No es posible reportar resultados, porque la cantidad de estudiantes evaluados es insuficiente. (6 o menos)",Observación de puntaje,0,v22025,2026-06-22,4b,2025,False
3146,1,ESCUELA LA ESPERANZA DEL FUTURO,7,Maule,71,Talca,7107,Pencahue,1,,1.0,"No es posible reportar resultados, porque la cantidad de estudiantes evaluados es insuficiente. (6 o menos)",Observación de puntaje,0,v22025,2026-06-22,4b,2025,False
1131,2,ESC. BASICA CASAS VIEJAS DE LONGOTOMA,5,Valparaíso,54,Petorca,5401,La Ligua,1,,1.0,"No es posible reportar resultados, porque la cantidad de estudiantes evaluados es insuficiente. (6 o menos)",Observación de puntaje,0,v22025,2026-06-22,4b,2025,False
1042,1,ESCUELA MUNICIPAL COLLIGUAY,4,Coquimbo,42,Choapa,4204,Salamanca,1,,1.0,"No es posible reportar resultados, porque la cantidad de estudiantes evaluados es insuficiente. (6 o menos)",Observación de puntaje,0,v22025,2026-06-22,4b,2025,False
6807,1,ESCUELA RURAL PISHUINCO,14,Los Ríos,141,Valdivia,14101,Valdivia,0,,,,Sin alumnos evaluados,1,v22025,2026-06-22,4b,2025,False
20152,9,AYIÑLEO (LA LUZ Y EL AMOR QUE NUNCA SE,9,La Araucanía,92,Malleco,9202,Collipulli,1,,1.0,"No es posible reportar resultados, porque la cantidad de estudiantes evaluados es insuficiente. (6 o menos)",Observación de puntaje,0,v22025,2026-06-22,4b,2025,False
6515,3,ESCUELA CATRIPULLI,9,La Araucanía,91,Cautín,9102,Carahue,1,,1.0,"No es posible reportar resultados, porque la cantidad de estudiantes evaluados es insuficiente. (6 o menos)",Observación de puntaje,0,v22025,2026-06-22,4b,2025,False
2685,9,ESCUELA MUNICIPAL MATANCILLA,6,Libertador General Bernardo O'Higgins,62,Cardenal Caro,6203,Litueche,1,,1.0,"No es posible reportar resultados, porque la cantidad de estudiantes evaluados es insuficiente. (6 o menos)",Observación de puntaje,0,v22025,2026-06-22,4b,2025,False
9183,9,ESC.PARA SORDOS DR. OTTE GABLER,13,Metropolitana de Santiago,131,Santiago,13129,San Joaquín,0,,,,Sin alumnos evaluados,1,v22025,2026-06-22,4b,2025,False
2439,2,ESCUELA MUNICIPAL DE PALMERIA,6,Libertador General Bernardo O'Higgins,61,Cachapoal,6107,Las Cabras,0,,,,Sin alumnos evaluados,1,v22025,2026-06-22,4b,2025,False
3518,1,ESCUELA MARIANO EGANA,7,Maule,74,Linares,7406,San Javier,1,,1.0,"No es posible reportar resultados, porque la cantidad de estudiantes evaluados es insuficiente. (6 o menos)",Observación de puntaje,0,v22025,2026-06-22,4b,2025,False
3272,7,ESCUELA CHUPALLAR,7,Maule,74,Linares,7401,Linares,1,,1.0,"No es posible reportar resultados, porque la cantidad de estudiantes evaluados es insuficiente. (6 o menos)",Observación de puntaje,0,v22025,2026-06-22,4b,2025,False
7079,3,ESCUELA RURAL MALCHEHUE,14,Los Ríos,141,Valdivia,14108,Panguipulli,1,,1.0,"No es posible reportar resultados, porque la cantidad de estudiantes evaluados es insuficiente. (6 o menos)",Observación de puntaje,0,v22025,2026-06-22,4b,2025,False
5207,8,ESCUELA PONOTRO HENCHI AMULEI,8,Biobío,82,Arauco,8207,Tirúa,1,,1.0,"No es posible reportar resultados, porque la cantidad de estudiantes evaluados es insuficiente. (6 o menos)",Observación de puntaje,0,v22025,2026-06-22,4b,2025,False
7391,1,COLEGIO BETEL,10,Los Lagos,103,Osorno,10301,Osorno,8,282.0,2.0,"Por causas ajenas a la Agencia, los resultados no son representativos del desempeño de los estudiantes",Observación de puntaje,0,v22025,2026-06-22,4b,2025,True
4915,8,ESCUELA LA CALLE,8,Biobío,81,Concepción,8105,Hualqui,1,,1.0,"No es posible reportar resultados, porque la cantidad de estudiantes evaluados es insuficiente. (6 o menos)",Observación de puntaje,0,v22025,2026-06-22,4b,2025,False
693,9,ESCUELA BASICA HECTOR MANUEL HERNANDEZ,4,Coquimbo,41,Elqui,4105,Paihuano,0,,,,Sin alumnos evaluados,2,v22025,2026-06-22,4b,2025,False
7371,7,ESCUELA RURAL FORRAHUE,10,Los Lagos,103,Osorno,10301,Osorno,1,,1.0,"No es posible reportar resultados, porque la cantidad de estudiantes evaluados es insuficiente. (6 o menos)",Observación de puntaje,0,v22025,2026-06-22,4b,2025,False
6332,0,ESCUELA BASICA NILCAHUIN,9,La Araucanía,91,Cautín,9109,Loncoche,1,,1.0,"No es posible reportar resultados, porque la cantidad de estudiantes evaluados es insuficiente. (6 o menos)",Observación de puntaje,0,v22025,2026-06-22,4b,2025,False
8393,3,ESCUELA DE REPOLLAL,11,Aysén del General Carlos Ibáñez del Campo,112,Aysén,11203,Guaitecas,0,,1.0,"No es posible reportar resultados, porque la cantidad de estudiantes evaluados es insuficiente. (6 o menos)",Sin alumnos y con observación de puntaje,0,v22025,2026-06-22,4b,2025,False
6140,9,ESCUELA PARTICULAR NUEVA LONCOTRARO,9,La Araucanía,91,Cautín,9120,Villarrica,0,,,,Sin alumnos evaluados,1,v22025,2026-06-22,4b,2025,False
22310,7,ESCUELA RURAL YERBAS BUENAS,10,Los Lagos,101,Llanquihue,10106,Los Muermos,1,,1.0,"No es posible reportar resultados, porque la cantidad de estudiantes evaluados es insuficiente. (6 o menos)",Observación de puntaje,0,v22025,2026-06-22,4b,2025,False
1062,6,ESC.PDTE.FEDERICO ERRAZURIZ ECHAURREN,4,Coquimbo,42,Choapa,4203,Los Vilos,1,,1.0,"No es posible reportar resultados, porque la cantidad de estudiantes evaluados es insuficiente. (6 o menos)",Observación de puntaje,0,v22025,2026-06-22,4b,2025,False
20378,5,ESCUELA BASICA RENACER,9,La Araucanía,91,Cautín,9116,Saavedra,1,,1.0,"No es posible reportar resultados, porque la cantidad de estudiantes evaluados es insuficiente. (6 o menos)",Observación de puntaje,0,v22025,2026-06-22,4b,2025,False
2874,6,ESCUELA EL DURAZNO,7,Maule,73,Curicó,7307,Sagrada Familia,1,,1.0,"No es posible reportar resultados, porque la cantidad de estudiantes evaluados es insuficiente. (6 o menos)",Observación de puntaje,0,v22025,2026-06-22,4b,2025,False
3375,8,ESCUELA CARLOS CONDELL,7,Maule,74,Linares,7403,Longaví,1,,1.0,"No es posible reportar resultados, porque la cantidad de estudiantes evaluados es insuficiente. (6 o menos)",Observación de puntaje,0,v22025,2026-06-22,4b,2025,False
86,8,ESCUELA SAN SANTIAGO DE BELEN,15,Arica y Parinacota,152,Parinacota,15201,Putre,0,,,,Sin alumnos evaluados,1,v22025,2026-06-22,4b,2025,False
3999,3,ESCUELA BASICA HEROES DEL ITATA,16,Ñuble,161,Diguillín,16107,Quillón,20,287.0,2.0,"Por causas ajenas a la Agencia, los resultados no son representativos del desempeño de los estudiantes",Observación de puntaje,0,v22025,2026-06-22,4b,2025,True
7437,3,ESCUELA PARTICULAR N.148 LOLOLHUE,10,Los Lagos,103,Osorno,10307,San Pablo,1,,1.0,"No es posible reportar resultados, porque la cantidad de estudiantes evaluados es insuficiente. (6 o menos)",Observación de puntaje,0,v22025,2026-06-22,4b,2025,False
7786,0,ESCUELA RURAL DAITAO,10,Los Lagos,101,Llanquihue,10102,Calbuco,1,,1.0,"No es posible reportar resultados, porque la cantidad de estudiantes evaluados es insuficiente. (6 o menos)",Observación de puntaje,0,v22025,2026-06-22,4b,2025,False
604,1,ESCUELA DE PUNTA COLORADA,4,Coquimbo,41,Elqui,4104,La Higuera,1,,1.0,"No es posible reportar resultados, porque la cantidad de estudiantes evaluados es insuficiente. (6 o menos)",Observación de puntaje,0,v22025,2026-06-22,4b,2025,False
776,5,ES.BAS.SAN PEDRO DE RIO HURTADO,4,Coquimbo,43,Limarí,4305,Río Hurtado,1,,1.0,"No es posible reportar resultados, porque la cantidad de estudiantes evaluados es insuficiente. (6 o menos)",Observación de puntaje,0,v22025,2026-06-22,4b,2025,False
2768,5,ESCUELA JOSE D. MORALES DIAZ,7,Maule,73,Curicó,7301,Curicó,1,,1.0,"No es posible reportar resultados, porque la cantidad de estudiantes evaluados es insuficiente. (6 o menos)",Observación de puntaje,0,v22025,2026-06-22,4b,2025,False
4085,1,ESCUELA BASICA EL TOLLO,16,Ñuble,162,Itata,16202,Cobquecura,1,,1.0,"No es posible reportar resultados, porque la cantidad de estudiantes evaluados es insuficiente. (6 o menos)",Observación de puntaje,0,v22025,2026-06-22,4b,2025,False
22522,3,COLEGIO SAN MARTIN DE LAS LOMAS,14,Los Ríos,141,Valdivia,14105,Máfil,1,,1.0,"No es posible reportar resultados, porque la cantidad de estudiantes evaluados es insuficiente. (6 o menos)",Observación de puntaje,0,v22025,2026-06-22,4b,2025,False
3289,1,ESCUELA DE ROBLERIA,7,Maule,74,Linares,7401,Linares,1,,1.0,"No es posible reportar resultados, porque la cantidad de estudiantes evaluados es insuficiente. (6 o menos)",Observación de puntaje,0,v22025,2026-06-22,4b,2025,False
11553,3,ESCUELA RURAL NALHUITAD,10,Los Lagos,102,Chiloé,10203,Chonchi,0,,,,Sin alumnos evaluados,1,v22025,2026-06-22,4b,2025,False
7225,7,ESCUELA RURAL EDUVIGES SCHULZ DE MOHR,14,Los Ríos,141,Valdivia,14107,Paillaco,1,,1.0,"No es posible reportar resultados, porque la cantidad de estudiantes evaluados es insuficiente. (6 o menos)",Observación de puntaje,0,v22025,2026-06-22,4b,2025,False
7680,5,ESCUELA RURAL COLONIA EL GATO,10,Los Lagos,101,Llanquihue,10101,Puerto Montt,1,,1.0,"No es posible reportar resultados, porque la cantidad de estudiantes evaluados es insuficiente. (6 o menos)",Observación de puntaje,0,v22025,2026-06-22,4b,2025,False
5170,5,ESCUELA HUILLINCO,8,Biobío,82,Arauco,8204,Contulmo,1,,1.0,"No es posible reportar resultados, porque la cantidad de estudiantes evaluados es insuficiente. (6 o menos)",Observación de puntaje,0,v22025,2026-06-22,4b,2025,False
92,2,ESCUELA CHISLLUMA,15,Arica y Parinacota,152,Parinacota,15202,General Lagos,0,,,,Sin alumnos evaluados,1,v22025,2026-06-22,4b,2025,False
4337,0,ESCUELA BASICA LA HOYADA,8,Biobío,83,Biobío,8309,Quilleco,1,,1.0,"No es posible reportar resultados, porque la cantidad de estudiantes evaluados es insuficiente. (6 o menos)",Observación de puntaje,0,v22025,2026-06-22,4b,2025,False
1117,7,ESCUELA PARTICULAR LOS TOMES,4,Coquimbo,42,Choapa,4202,Canela,1,,1.0,"No es posible reportar resultados, porque la cantidad de estudiantes evaluados es insuficiente. (6 o menos)",Observación de puntaje,0,v22025,2026-06-22,4b,2025,False
3527,0,ESCUELA CAMILA MATTA VIAL,7,Maule,74,Linares,7406,San Javier,1,,1.0,"No es posible reportar resultados, porque la cantidad de estudiantes evaluados es insuficiente. (6 o menos)",Observación de puntaje,0,v22025,2026-06-22,4b,2025,False
4901,8,ESCUELA BASICA EL MAITEN,8,Biobío,81,Concepción,8105,Hualqui,1,,1.0,"No es posible reportar resultados, porque la cantidad de estudiantes evaluados es insuficiente. (6 o menos)",Observación de puntaje,0,v22025,2026-06-22,4b,2025,False
5339,2,ESCUELA DE TROYO,9,La Araucanía,92,Malleco,9205,Lonquimay,1,,1.0,"No es posible reportar resultados, porque la cantidad de estudiantes evaluados es insuficiente. (6 o menos)",Observación de puntaje,0,v22025,2026-06-22,4b,2025,False
5485,2,ESC. BASICA BUTA RINCON,9,La Araucanía,92,Malleco,9207,Lumaco,1,,1.0,"No es posible reportar resultados, porque la cantidad de estudiantes evaluados es insuficiente. (6 o menos)",Observación de puntaje,0,v22025,2026-06-22,4b,2025,False
6567,6,ESCUELA PARTICULAR JOSE ABELARDO NUNEZ,9,La Araucanía,91,Cautín,9111,Nueva Imperial,1,,1.0,"No es posible reportar resultados, porque la cantidad de estudiantes evaluados es insuficiente. (6 o menos)",Observación de puntaje,0,v22025,2026-06-22,4b,2025,False
699,8,ESCUELA MARIA ISABEL PERALTA P.,4,Coquimbo,41,Elqui,4105,Paihuano,1,,1.0,"No es posible reportar resultados, porque la cantidad de estudiantes evaluados es insuficiente. (6 o menos)",Observación de puntaje,0,v22025,2026-06-22,4b,2025,False
7861,1,ESCUELA RURAL EL JARDIN DE OLMOPULLI,10,Los Lagos,101,Llanquihue,10108,Maullín,1,,1.0,"No es posible reportar resultados, porque la cantidad de estudiantes evaluados es insuficiente. (6 o menos)",Observación de puntaje,0,v22025,2026-06-22,4b,2025,False
991,1,ESCUELA PARTICULAR QUEBRADA EL PERAL,4,Coquimbo,42,Choapa,4201,Illapel,1,,1.0,"No es posible reportar resultados, porque la cantidad de estudiantes evaluados es insuficiente. (6 o menos)",Observación de puntaje,0,v22025,2026-06-22,4b,2025,False
7669,4,ESCUELA RURAL ILQUE,10,Los Lagos,101,Llanquihue,10101,Puerto Montt,0,,1.0,"No es posible reportar resultados, porque la cantidad de estudiantes evaluados es insuficiente. (6 o menos)",Sin alumnos y con observación de puntaje,0,v22025,2026-06-22,4b,2025,False
5462,3,ESC. BASICA REDUCCION TEMULEMU,9,La Araucanía,92,Malleco,9210,Traiguén,1,,1.0,"No es posible reportar resultados, porque la cantidad de estudiantes evaluados es insuficiente. (6 o menos)",Observación de puntaje,0,v22025,2026-06-22,4b,2025,False
19969,9,CENTRO EDUCACIONAL ESPECIAL INCLUSIVO S,9,La Araucanía,91,Cautín,9101,Temuco,0,,,,Sin alumnos evaluados,1,v22025,2026-06-22,4b,2025,False
7188,9,ESCUELA PARTICULAR TRES VENTANAS,14,Los Ríos,142,Ranco,14201,La Unión,0,,,,Sin alumnos evaluados,1,v22025,2026-06-22,4b,2025,False
7443,8,ESCUELA PARTICULAR N.153 EL ROBLE,10,Los Lagos,103,Osorno,10307,San Pablo,1,,1.0,"No es posible reportar resultados, porque la cantidad de estudiantes evaluados es insuficiente. (6 o menos)",Observación de puntaje,0,v22025,2026-06-22,4b,2025,False
3158,5,ESCUELA LA PATAGUA,7,Maule,71,Talca,7107,Pencahue,0,,,,Sin alumnos evaluados,1,v22025,2026-06-22,4b,2025,False
8399,2,ESCUELA PÚBLICA NACIMIENTO DEL BAKER,11,Aysén del General Carlos Ibáñez del Campo,114,General Carrera,11401,Chile Chico,1,,1.0,"No es posible reportar resultados, porque la cantidad de estudiantes evaluados es insuficiente. (6 o menos)",Observación de puntaje,0,v22025,2026-06-22,4b,2025,False
6361,4,ESCUELA DE CAYCHAYEN,9,La Araucanía,91,Cautín,9117,Teodoro Schmidt,1,,1.0,"No es posible reportar resultados, porque la cantidad de estudiantes evaluados es insuficiente. (6 o menos)",Observación de puntaje,0,v22025,2026-06-22,4b,2025,False
7752,6,ESCUELA PARTICULAR N.206 MARIA DOLORES,10,Los Lagos,101,Llanquihue,10109,Puerto Varas,0,,,,Sin alumnos evaluados,1,v22025,2026-06-22,4b,2025,False
4091,6,ESCUELA BASICA EL AVELLANAL,16,Ñuble,162,Itata,16202,Cobquecura,1,,1.0,"No es posible reportar resultados, porque la cantidad de estudiantes evaluados es insuficiente. (6 o menos)",Observación de puntaje,0,v22025,2026-06-22,4b,2025,False
40424,1,CENTRO EDUCACIONAL RAICES DE MI TIERRA,10,Los Lagos,102,Chiloé,10205,Dalcahue,13,251.0,2.0,"Por causas ajenas a la Agencia, los resultados no son representativos del desempeño de los estudiantes",Observación de puntaje,0,v22025,2026-06-22,4b,2025,True
7815,8,ESCUELA RURAL HUAPI ABTAO,10,Los Lagos,101,Llanquihue,10102,Calbuco,0,,,,Sin alumnos evaluados,2,v22025,2026-06-22,4b,2025,False
5322,8,ESCUELA PARTICULAR SN.JUAN DE LA AMERIC,9,La Araucanía,92,Malleco,9202,Collipulli,0,,,,Sin alumnos evaluados,1,v22025,2026-06-22,4b,2025,False
6627,3,ESC. BASICA ALTAMIRA,9,La Araucanía,91,Cautín,9121,Cholchol,1,,1.0,"No es posible reportar resultados, porque la cantidad de estudiantes evaluados es insuficiente. (6 o menos)",Observación de puntaje,0,v22025,2026-06-22,4b,2025,False
40095,5,ESCUELA RAYEN PAINE,9,La Araucanía,91,Cautín,9112,Padre las Casas,1,,1.0,"No es posible reportar resultados, porque la cantidad de estudiantes evaluados es insuficiente. (6 o menos)",Observación de puntaje,0,v22025,2026-06-22,4b,2025,False
7858,1,ESCUELA RURAL FRANCISCO HERNANDEZ NAVAR,10,Los Lagos,101,Llanquihue,10108,Maullín,1,,1.0,"No es posible reportar resultados, porque la cantidad de estudiantes evaluados es insuficiente. (6 o menos)",Observación de puntaje,0,v22025,2026-06-22,4b,2025,False
6882,9,ESCUELA RURAL LINGUENTO,14,Los Ríos,141,Valdivia,14106,Mariquina,0,,,,Sin alumnos evaluados,1,v22025,2026-06-22,4b,2025,False
7380,6,ESCUELA RURAL LUMACO,10,Los Lagos,103,Osorno,10301,Osorno,1,,1.0,"No es posible reportar resultados, porque la cantidad de estudiantes evaluados es insuficiente. (6 o menos)",Observación de puntaje,0,v22025,2026-06-22,4b,2025,False
6149,2,ESCUELA PARTICULAR SANTA FILOMENA,9,La Araucanía,91,Cautín,9120,Villarrica,0,,,,Sin alumnos evaluados,1,v22025,2026-06-22,4b,2025,False
5067,9,ESCUELA MAR LOS PINOS,8,Biobío,82,Arauco,8202,Arauco,1,,1.0,"No es posible reportar resultados, porque la cantidad de estudiantes evaluados es insuficiente. (6 o menos)",Observación de puntaje,0,v22025,2026-06-22,4b,2025,False
3444,4,ESCUELA AMANDA BENAVENTE D.,7,Maule,74,Linares,7405,Retiro,1,,1.0,"No es posible reportar resultados, porque la cantidad de estudiantes evaluados es insuficiente. (6 o menos)",Observación de puntaje,0,v22025,2026-06-22,4b,2025,False
8419,0,ESC. PROF. MIGUEL S. MONTECINOS C.,12,Magallanes y de la Antártica Chilena,124,Última Esperanza,12401,Natales,1,,1.0,"No es posible reportar resultados, porque la cantidad de estudiantes evaluados es insuficiente. (6 o menos)",Observación de puntaje,0,v22025,2026-06-22,4b,2025,False
12664,0,ESCUELA SAN SANTIAGO DE MACAYA,1,Tarapacá,14,Tamarugal,1401,Pozo Almonte,1,,1.0,"No es posible reportar resultados, porque la cantidad de estudiantes evaluados es insuficiente. (6 o menos)",Observación de puntaje,0,v22025,2026-06-22,4b,2025,False
12023,5,COLEGIO BASICO SAN VICENTE,8,Biobío,81,Concepción,8110,Talcahuano,8,298.0,2.0,"Por causas ajenas a la Agencia, los resultados no son representativos del desempeño de los estudiantes",Observación de puntaje,0,v22025,2026-06-22,4b,2025,True
4861,5,ESCUELA BASICA SAN ANTONIO,8,Biobío,81,Concepción,8111,Tomé,0,,,,Sin alumnos evaluados,3,v22025,2026-06-22,4b,2025,False
3464,9,ESCUELA HERNAN LOBOS ARIAS,7,Maule,74,Linares,7407,Villa Alegre,13,279.0,2.0,"Por causas ajenas a la Agencia, los resultados no son representativos del desempeño de los estudiantes",Observación de puntaje,0,v22025,2026-06-22,4b,2025,True
5548,4,ESC. BASICA PIVADENCO,9,La Araucanía,92,Malleco,9206,Los Sauces,1,,1.0,"No es posible reportar resultados, porque la cantidad de estudiantes evaluados es insuficiente. (6 o menos)",Observación de puntaje,0,v22025,2026-06-22,4b,2025,False
6358,4,ESCUELA BASICA ESTACION TOLTEN,9,La Araucanía,91,Cautín,9117,Teodoro Schmidt,1,,1.0,"No es posible reportar resultados, porque la cantidad de estudiantes evaluados es insuficiente. (6 o menos)",Observación de puntaje,0,v22025,2026-06-22,4b,2025,False
3859,8,ESCUELA SAN ANTONIO DE FRUTILLARES,16,Ñuble,163,Punilla,16302,Coihueco,0,,,,Sin alumnos evaluados,1,v22025,2026-06-22,4b,2025,False
8296,1,ESCUELA RURAL NUEVA ESPERANZA,10,Los Lagos,104,Palena,10401,Chaitén,1,,1.0,"No es posible reportar resultados, porque la cantidad de estudiantes evaluados es insuficiente. (6 o menos)",Observación de puntaje,0,v22025,2026-06-22,4b,2025,False
5233,7,ESCUELA BASICA JUAN M. FERRIERE CAIRE,9,La Araucanía,92,Malleco,9201,Angol,0,,,,Sin alumnos evaluados,2,v22025,2026-06-22,4b,2025,False
75,2,ESCUELA VALLE DE GUANACAGUA,15,Arica y Parinacota,151,Arica,15102,Camarones,1,,1.0,"No es posible reportar resultados, porque la cantidad de estudiantes evaluados es insuficiente. (6 o menos)",Observación de puntaje,0,v22025,2026-06-22,4b,2025,False
3026,0,ESCUELA PANGUE ABAJO,7,Maule,71,Talca,7110,San Rafael,1,,1.0,"No es posible reportar resultados, porque la cantidad de estudiantes evaluados es insuficiente. (6 o menos)",Observación de puntaje,0,v22025,2026-06-22,4b,2025,False
865,6,ESCUELA BASICA DANIEL BARROS GREZ,4,Coquimbo,43,Limarí,4302,Combarbalá,1,,1.0,"No es posible reportar resultados, porque la cantidad de estudiantes evaluados es insuficiente. (6 o menos)",Observación de puntaje,0,v22025,2026-06-22,4b,2025,False
12226,2,ESCUELA BASICA N°1355 IRARRAZAVAL,13,Metropolitana de Santiago,131,Santiago,13120,Ñuñoa,0,,,,Sin alumnos evaluados,1,v22025,2026-06-22,4b,2025,False
8173,6,ESCUELA RURAL HUENAO,10,Los Lagos,102,Chiloé,10204,Curaco de Vélez,1,,1.0,"No es posible reportar resultados, porque la cantidad de estudiantes evaluados es insuficiente. (6 o menos)",Observación de puntaje,0,v22025,2026-06-22,4b,2025,False
4094,0,ESCUELA BASICA TAUCU,16,Ñuble,162,Itata,16202,Cobquecura,0,,,,Sin alumnos evaluados,1,v22025,2026-06-22,4b,2025,False
7463,2,ESCUELA RURAL DESAGUE RUPANCO,10,Los Lagos,103,Osorno,10304,Puyehue,1,,1.0,"No es posible reportar resultados, porque la cantidad de estudiantes evaluados es insuficiente. (6 o menos)",Observación de puntaje,0,v22025,2026-06-22,4b,2025,False
5176,4,ESCUELA MAHUILQUE,8,Biobío,82,Arauco,8204,Contulmo,1,,1.0,"No es posible reportar resultados, porque la cantidad de estudiantes evaluados es insuficiente. (6 o menos)",Observación de puntaje,0,v22025,2026-06-22,4b,2025,False
550,9,ESCUELA DE ALMIRANTE LATORRE,4,Coquimbo,41,Elqui,4101,La Serena,1,,1.0,"No es posible reportar resultados, porque la cantidad de estudiantes evaluados es insuficiente. (6 o menos)",Observación de puntaje,0,v22025,2026-06-22,4b,2025,False
3882,2,ESCUELA NIDO DE GOLONDRINAS,16,Ñuble,161,Diguillín,16106,Pinto,1,,1.0,"No es posible reportar resultados, porque la cantidad de estudiantes evaluados es insuficiente. (6 o menos)",Observación de puntaje,0,v22025,2026-06-22,4b,2025,False
14659,5,COLEGIO NAHUEN DE QUILPUÉ,5,Valparaíso,58,Marga Marga,5801,Quilpué,7,233.0,2.0,"Por causas ajenas a la Agencia, los resultados no son representativos del desempeño de los estudiantes",Observación de puntaje,0,v22025,2026-06-22,4b,2025,True
4131,9,ESCUELA DOCTOR DAVID BENAVENTE SEPÚLVED,16,Ñuble,162,Itata,16204,Ninhue,1,,1.0,"No es posible reportar resultados, porque la cantidad de estudiantes evaluados es insuficiente. (6 o menos)",Observación de puntaje,0,v22025,2026-06-22,4b,2025,False
95,7,ESCUELA COLPITAS,15,Arica y Parinacota,152,Parinacota,15202,General Lagos,0,,,,Sin alumnos evaluados,1,v22025,2026-06-22,4b,2025,False
1137,1,ESCUELA BASICA HORTENCIA POWELL S.,5,Valparaíso,54,Petorca,5401,La Ligua,1,,1.0,"No es posible reportar resultados, porque la cantidad de estudiantes evaluados es insuficiente. (6 o menos)",Observación de puntaje,0,v22025,2026-06-22,4b,2025,False
10792,1,LICEO POLIV. EL BOLLENAR,13,Metropolitana de Santiago,135,Melipilla,13501,Melipilla,20,307.0,2.0,"Por causas ajenas a la Agencia, los resultados no son representativos del desempeño de los estudiantes",Observación de puntaje,0,v22025,2026-06-22,4b,2025,True
6524,2,ESCUELA CULLINCO,9,La Araucanía,91,Cautín,9102,Carahue,0,,,,Sin alumnos evaluados,1,v22025,2026-06-22,4b,2025,False
3630,7,ESCUELA RICARDO SALGADO,7,Maule,72,Cauquenes,7202,Chanco,0,,,,Sin alumnos evaluados,2,v22025,2026-06-22,4b,2025,False
3776,1,ESCUELA QUILELTO,16,Ñuble,163,Punilla,16301,San Carlos,0,,,,Sin alumnos evaluados,2,v22025,2026-06-22,4b,2025,False
11542,8,ESCUELA PARTICULAR MELIQUINA,14,Los Ríos,141,Valdivia,14106,Mariquina,1,,1.0,"No es posible reportar resultados, porque la cantidad de estudiantes evaluados es insuficiente. (6 o menos)",Observación de puntaje,0,v22025,2026-06-22,4b,2025,False
3968,3,ESCUELA BASICA MONTE EL LEON,16,Ñuble,161,Diguillín,16105,Pemuco,1,,1.0,"No es posible reportar resultados, porque la cantidad de estudiantes evaluados es insuficiente. (6 o menos)",Observación de puntaje,0,v22025,2026-06-22,4b,2025,False
4300,1,ESCUELA LOMAS DE ANGOL,8,Biobío,83,Biobío,8303,Cabrero,1,,1.0,"No es posible reportar resultados, porque la cantidad de estudiantes evaluados es insuficiente. (6 o menos)",Observación de puntaje,0,v22025,2026-06-22,4b,2025,False
7938,3,ESCUELA RURAL ENTRE RIOS,10,Los Lagos,101,Llanquihue,10104,Fresia,1,,1.0,"No es posible reportar resultados, porque la cantidad de estudiantes evaluados es insuficiente. (6 o menos)",Observación de puntaje,0,v22025,2026-06-22,4b,2025,False
6315,0,ESCUELA RUCAHUE,9,La Araucanía,91,Cautín,9109,Loncoche,1,,1.0,"No es posible reportar resultados, porque la cantidad de estudiantes evaluados es insuficiente. (6 o menos)",Observación de puntaje,0,v22025,2026-06-22,4b,2025,False
22153,8,ESCUELA PARTICULAR ESTRELLA SOLITARIA,14,Los Ríos,142,Ranco,14203,Lago Ranco,1,,1.0,"No es posible reportar resultados, porque la cantidad de estudiantes evaluados es insuficiente. (6 o menos)",Observación de puntaje,0,v22025,2026-06-22,4b,2025,False
20052,2,COMPLEJO EDUCACIONAL VICTORIA,9,La Araucanía,92,Malleco,9211,Victoria,20,230.0,2.0,"Por causas ajenas a la Agencia, los resultados no son representativos del desempeño de los estudiantes",Observación de puntaje,0,v22025,2026-06-22,4b,2025,True
4469,5,ESCUELA PALMILLA,8,Biobío,83,Biobío,8306,Nacimiento,1,,1.0,"No es posible reportar resultados, porque la cantidad de estudiantes evaluados es insuficiente. (6 o menos)",Observación de puntaje,0,v22025,2026-06-22,4b,2025,False
3215,8,ESCUELA EL SANTO DE TABUNCO,7,Maule,71,Talca,7103,Curepto,1,,1.0,"No es posible reportar resultados, porque la cantidad de estudiantes evaluados es insuficiente. (6 o menos)",Observación de puntaje,0,v22025,2026-06-22,4b,2025,False
8127,2,ESCUELA RURAL QUELER,10,Los Lagos,102,Chiloé,10209,Quemchi,1,,1.0,"No es posible reportar resultados, porque la cantidad de estudiantes evaluados es insuficiente. (6 o menos)",Observación de puntaje,0,v22025,2026-06-22,4b,2025,False
2548,8,ESCUELA ESTRELLA DE DAVID,6,Libertador General Bernardo O'Higgins,63,Colchagua,6302,Chépica,0,,,,Sin alumnos evaluados,1,v22025,2026-06-22,4b,2025,False
6653,2,ESCUELA PARTICULAR COILACO,9,La Araucanía,91,Cautín,9121,Cholchol,1,,1.0,"No es posible reportar resultados, porque la cantidad de estudiantes evaluados es insuficiente. (6 o menos)",Observación de puntaje,0,v22025,2026-06-22,4b,2025,False
4426,1,ESCUELA BASICA EL PARRON,8,Biobío,83,Biobío,8305,Mulchén,0,,1.0,"No es posible reportar resultados, porque la cantidad de estudiantes evaluados es insuficiente. (6 o menos)",Sin alumnos y con observación de puntaje,0,v22025,2026-06-22,4b,2025,False
4818,6,COLEGIO PARTICULAR FUNNY SCHOOL,8,Biobío,81,Concepción,8107,Penco,10,264.0,2.0,"Por causas ajenas a la Agencia, los resultados no son representativos del desempeño de los estudiantes",Observación de puntaje,0,v22025,2026-06-22,4b,2025,True
1721,3,ESCUELA BASICA REPUBLICA DEL LIBANO,5,Valparaíso,51,Valparaíso,5109,Viña del Mar,12,261.0,2.0,"Por causas ajenas a la Agencia, los resultados no son representativos del desempeño de los estudiantes",Observación de puntaje,0,v22025,2026-06-22,4b,2025,True
11027,2,ESCUELA HORNITOS,3,Atacama,31,Copiapó,3103,Tierra Amarilla,0,,,,Sin alumnos evaluados,1,v22025,2026-06-22,4b,2025,False
26015,0,ESC.BASICA Y ESP.MARIA DE LOS ANGELES D,13,Metropolitana de Santiago,134,Maipo,13402,Buin,11,221.0,2.0,"Por causas ajenas a la Agencia, los resultados no son representativos del desempeño de los estudiantes",Observación de puntaje,0,v22025,2026-06-22,4b,2025,True
12547,4,COLEGIO SAUCACHE,15,Arica y Parinacota,151,Arica,15101,Arica,71,285.0,2.0,"Por causas ajenas a la Agencia, los resultados no son representativos del desempeño de los estudiantes",Observación de puntaje,0,v22025,2026-06-22,4b,2025,True
8179,5,ESCUELA RURAL FRANCISCO DE VILLAGRA,10,Los Lagos,102,Chiloé,10210,Quinchao,1,,1.0,"No es posible reportar resultados, porque la cantidad de estudiantes evaluados es insuficiente. (6 o menos)",Observación de puntaje,0,v22025,2026-06-22,4b,2025,False
7592,2,ESCUELA RURAL PURREHUIN,10,Los Lagos,103,Osorno,10306,San Juan de la Costa,1,,1.0,"No es posible reportar resultados, porque la cantidad de estudiantes evaluados es insuficiente. (6 o menos)",Observación de puntaje,0,v22025,2026-06-22,4b,2025,False
994,6,ESCUELA PARTICULAR RINCON DEL ROMERO,4,Coquimbo,42,Choapa,4201,Illapel,1,,1.0,"No es posible reportar resultados, porque la cantidad de estudiantes evaluados es insuficiente. (6 o menos)",Observación de puntaje,0,v22025,2026-06-22,4b,2025,False
871,0,ESCUELA BASICA LUIS ENRIQUE BOU PEREZ,4,Coquimbo,43,Limarí,4302,Combarbalá,1,,1.0,"No es posible reportar resultados, porque la cantidad de estudiantes evaluados es insuficiente. (6 o menos)",Observación de puntaje,0,v22025,2026-06-22,4b,2025,False
7051,3,ESCUELA RURAL PANGUILELFUN,14,Los Ríos,141,Valdivia,14108,Panguipulli,1,,1.0,"No es posible reportar resultados, porque la cantidad de estudiantes evaluados es insuficiente. (6 o menos)",Observación de puntaje,0,v22025,2026-06-22,4b,2025,False
22016,7,ESCUELA PARTICULAR CARRAN CHICO,14,Los Ríos,142,Ranco,14203,Lago Ranco,1,,1.0,"No es posible reportar resultados, porque la cantidad de estudiantes evaluados es insuficiente. (6 o menos)",Observación de puntaje,0,v22025,2026-06-22,4b,2025,False
3616,1,ESCUELA BENITO MANCILLA PEREZ,7,Maule,72,Cauquenes,7203,Pelluhue,1,,1.0,"No es posible reportar resultados, porque la cantidad de estudiantes evaluados es insuficiente. (6 o menos)",Observación de puntaje,0,v22025,2026-06-22,4b,2025,False
2829,0,ESCUELA BASICA LUIS ESCOBAR LARA,7,Maule,73,Curicó,7306,Romeral,6,274.0,2.0,"Por causas ajenas a la Agencia, los resultados no son representativos del desempeño de los estudiantes",Observación de puntaje,0,v22025,2026-06-22,4b,2025,True
891,5,ESCUELA PARTICULAR RINCON DE LAS CHILCA,4,Coquimbo,43,Limarí,4302,Combarbalá,0,,,,Sin alumnos evaluados,1,v22025,2026-06-22,4b,2025,False
22537,1,COLEGIO FRANCISCA BELEN,14,Los Ríos,141,Valdivia,14101,Valdivia,1,,1.0,"No es posible reportar resultados, porque la cantidad de estudiantes evaluados es insuficiente. (6 o menos)",Observación de puntaje,0,v22025,2026-06-22,4b,2025,False
6848,9,ESCUELA PARTICULAR EL BOSQUE,14,Los Ríos,142,Ranco,14203,Lago Ranco,1,,1.0,"No es posible reportar resultados, porque la cantidad de estudiantes evaluados es insuficiente. (6 o menos)",Observación de puntaje,0,v22025,2026-06-22,4b,2025,False
4037,1,ESCUELA MEMBRILLAR,16,Ñuble,162,Itata,16205,Portezuelo,1,,1.0,"No es posible reportar resultados, porque la cantidad de estudiantes evaluados es insuficiente. (6 o menos)",Observación de puntaje,0,v22025,2026-06-22,4b,2025,False
6244,8,ESCUELA SUSANA ORTIZ,9,La Araucanía,91,Cautín,9114,Pitrufquén,1,,1.0,"No es posible reportar resultados, porque la cantidad de estudiantes evaluados es insuficiente. (6 o menos)",Observación de puntaje,0,v22025,2026-06-22,4b,2025,False
5995,1,ESCUELA PARTICULAR QUECHEREHUE,9,La Araucanía,91,Cautín,9103,Cunco,1,,1.0,"No es posible reportar resultados, porque la cantidad de estudiantes evaluados es insuficiente. (6 o menos)",Observación de puntaje,0,v22025,2026-06-22,4b,2025,False
4372,9,ESCUELA QUILLAILEO,8,Biobío,83,Biobío,8311,Santa Bárbara,1,,1.0,"No es posible reportar resultados, porque la cantidad de estudiantes evaluados es insuficiente. (6 o menos)",Observación de puntaje,0,v22025,2026-06-22,4b,2025,False
4913,1,ESCUELA BARRANCAS JUNTAS,8,Biobío,81,Concepción,8105,Hualqui,1,,1.0,"No es posible reportar resultados, porque la cantidad de estudiantes evaluados es insuficiente. (6 o menos)",Observación de puntaje,0,v22025,2026-06-22,4b,2025,False
3596,3,ESCUELA LA CAPILLA DE PILEN ALTO,7,Maule,72,Cauquenes,7201,Cauquenes,1,,1.0,"No es posible reportar resultados, porque la cantidad de estudiantes evaluados es insuficiente. (6 o menos)",Observación de puntaje,0,v22025,2026-06-22,4b,2025,False
5162,4,ESCUELA HUIDE,8,Biobío,82,Arauco,8204,Contulmo,1,,1.0,"No es posible reportar resultados, porque la cantidad de estudiantes evaluados es insuficiente. (6 o menos)",Observación de puntaje,0,v22025,2026-06-22,4b,2025,False
1083,9,ESCUELA BASICA CARQUINDANO,4,Coquimbo,42,Choapa,4202,Canela,0,,,,Sin alumnos evaluados,2,v22025,2026-06-22,4b,2025,False
688,2,ESCUELA DE CHAPILCA,4,Coquimbo,41,Elqui,4106,Vicuña,1,,1.0,"No es posible reportar resultados, porque la cantidad de estudiantes evaluados es insuficiente. (6 o menos)",Observación de puntaje,0,v22025,2026-06-22,4b,2025,False
11594,0,COLEGIO ANTILLANCA,10,Los Lagos,103,Osorno,10301,Osorno,18,271.0,2.0,"Por causas ajenas a la Agencia, los resultados no son representativos del desempeño de los estudiantes",Observación de puntaje,0,v22025,2026-06-22,4b,2025,True
5474,7,ESC. BASICA RALUN,9,La Araucanía,92,Malleco,9207,Lumaco,1,,1.0,"No es posible reportar resultados, porque la cantidad de estudiantes evaluados es insuficiente. (6 o menos)",Observación de puntaje,0,v22025,2026-06-22,4b,2025,False
7489,6,ESCUELA RURAL LA PELLINADA,10,Los Lagos,103,Osorno,10302,Puerto Octay,1,,1.0,"No es posible reportar resultados, porque la cantidad de estudiantes evaluados es insuficiente. (6 o menos)",Observación de puntaje,0,v22025,2026-06-22,4b,2025,False
6407,6,ESCUELA NOHUALHUE,9,La Araucanía,91,Cautín,9117,Teodoro Schmidt,1,,1.0,"No es posible reportar resultados, porque la cantidad de estudiantes evaluados es insuficiente. (6 o menos)",Observación de puntaje,0,v22025,2026-06-22,4b,2025,False
7011,4,ESCUELA PARTICULAR CHIHUIO,14,Los Ríos,142,Ranco,14202,Futrono,1,,1.0,"No es posible reportar resultados, porque la cantidad de estudiantes evaluados es insuficiente. (6 o menos)",Observación de puntaje,0,v22025,2026-06-22,4b,2025,False
2185,7,COLEGIO ALONSO DE ERCILLA,6,Libertador General Bernardo O'Higgins,61,Cachapoal,6101,Rancagua,1,,1.0,"No es posible reportar resultados, porque la cantidad de estudiantes evaluados es insuficiente. (6 o menos)",Observación de puntaje,0,v22025,2026-06-22,4b,2025,False
3221,2,ESCUELA DOCAMAVIDA,7,Maule,71,Talca,7103,Curepto,0,,1.0,"No es posible reportar resultados, porque la cantidad de estudiantes evaluados es insuficiente. (6 o menos)",Sin alumnos y con observación de puntaje,0,v22025,2026-06-22,4b,2025,False
2534,8,ESCUELA EUGENIO RUIZ-TAGLE MONTES,6,Libertador General Bernardo O'Higgins,63,Colchagua,6302,Chépica,1,,1.0,"No es posible reportar resultados, porque la cantidad de estudiantes evaluados es insuficiente. (6 o menos)",Observación de puntaje,0,v22025,2026-06-22,4b,2025,False
6510,2,ESCUELA BASICA PAILACOYAN,9,La Araucanía,91,Cautín,9102,Carahue,1,,1.0,"No es posible reportar resultados, porque la cantidad de estudiantes evaluados es insuficiente. (6 o menos)",Observación de puntaje,0,v22025,2026-06-22,4b,2025,False
84,1,ESCUELA LOS ALAMOS,15,Arica y Parinacota,152,Parinacota,15201,Putre,1,,1.0,"No es posible reportar resultados, porque la cantidad de estudiantes evaluados es insuficiente. (6 o menos)",Observación de puntaje,0,v22025,2026-06-22,4b,2025,False
2809,6,ESCUELA LAS LIRAS,7,Maule,73,Curicó,7308,Teno,1,,1.0,"No es posible reportar resultados, porque la cantidad de estudiantes evaluados es insuficiente. (6 o menos)",Observación de puntaje,0,v22025,2026-06-22,4b,2025,False
6745,8,ESCUELA PARTICULAR BELLAVISTA,9,La Araucanía,91,Cautín,9106,Galvarino,1,,1.0,"No es posible reportar resultados, porque la cantidad de estudiantes evaluados es insuficiente. (6 o menos)",Observación de puntaje,0,v22025,2026-06-22,4b,2025,False
602,5,ESCUELA BASICA CARLOS CONDELL,4,Coquimbo,41,Elqui,4104,La Higuera,6,277.0,2.0,"Por causas ajenas a la Agencia, los resultados no son representativos del desempeño de los estudiantes",Observación de puntaje,0,v22025,2026-06-22,4b,2025,True
3828,8,ESCUELA BASICA LOS COIGUES,16,Ñuble,163,Punilla,16304,San Fabián,1,,1.0,"No es posible reportar resultados, porque la cantidad de estudiantes evaluados es insuficiente. (6 o menos)",Observación de puntaje,0,v22025,2026-06-22,4b,2025,False
8717,3,ESCUELA PARTICULAR SAINT HENRY SCHOOL,13,Metropolitana de Santiago,131,Santiago,13101,Santiago,10,217.0,2.0,"Por causas ajenas a la Agencia, los resultados no son representativos del desempeño de los estudiantes",Observación de puntaje,0,v22025,2026-06-22,4b,2025,True
6553,6,ESCUELA PARTICULAR ALTO TIRUA,9,La Araucanía,91,Cautín,9102,Carahue,1,,1.0,"No es posible reportar resultados, porque la cantidad de estudiantes evaluados es insuficiente. (6 o menos)",Observación de puntaje,0,v22025,2026-06-22,4b,2025,False
1037,5,ESCUELA PARTICULAR HUANQUE,4,Coquimbo,42,Choapa,4204,Salamanca,0,,,,Sin alumnos evaluados,1,v22025,2026-06-22,4b,2025,False
5365,1,ESCUELA JOSE CHANIN SILHY,9,La Araucanía,92,Malleco,9203,Curacautín,0,,,,Sin alumnos evaluados,1,v22025,2026-06-22,4b,2025,False
645,9,ESCUELA DE EL TANGUE,4,Coquimbo,41,Elqui,4102,Coquimbo,1,,1.0,"No es posible reportar resultados, porque la cantidad de estudiantes evaluados es insuficiente. (6 o menos)",Observación de puntaje,0,v22025,2026-06-22,4b,2025,False
5059,8,ESCUELA HUGO CABRERA AGUIRRE,8,Biobío,82,Arauco,8202,Arauco,1,,1.0,"No es posible reportar resultados, porque la cantidad de estudiantes evaluados es insuficiente. (6 o menos)",Observación de puntaje,0,v22025,2026-06-22,4b,2025,False
496,0,ESCUELA DE CHOLLAY,3,Atacama,33,Huasco,3302,Alto del Carmen,1,,1.0,"No es posible reportar resultados, porque la cantidad de estudiantes evaluados es insuficiente. (6 o menos)",Observación de puntaje,0,v22025,2026-06-22,4b,2025,False
8113,2,ESCUELA RURAL AQUELARRE,10,Los Lagos,102,Chiloé,10209,Quemchi,1,,1.0,"No es posible reportar resultados, porque la cantidad de estudiantes evaluados es insuficiente. (6 o menos)",Observación de puntaje,0,v22025,2026-06-22,4b,2025,False
6490,4,ESCUELA PARTICULAR MANUEL ROJAS,9,La Araucanía,91,Cautín,9116,Saavedra,1,,1.0,"No es posible reportar resultados, porque la cantidad de estudiantes evaluados es insuficiente. (6 o menos)",Observación de puntaje,0,v22025,2026-06-22,4b,2025,False
4412,1,ESCUELA ALHUELEMU,8,Biobío,83,Biobío,8305,Mulchén,1,,1.0,"No es posible reportar resultados, porque la cantidad de estudiantes evaluados es insuficiente. (6 o menos)",Observación de puntaje,0,v22025,2026-06-22,4b,2025,False
4953,0,ESCUELA ISIDORA GOYENECHEA,8,Biobío,81,Concepción,8106,Lota,27,252.0,2.0,"Por causas ajenas a la Agencia, los resultados no son representativos del desempeño de los estudiantes",Observación de puntaje,0,v22025,2026-06-22,4b,2025,True
4389,3,ESCUELA PARTICULAR TRAPA TRAPA,8,Biobío,83,Biobío,8314,Alto Biobío,1,,1.0,"No es posible reportar resultados, porque la cantidad de estudiantes evaluados es insuficiente. (6 o menos)",Observación de puntaje,0,v22025,2026-06-22,4b,2025,False
4907,7,ESCUELA GOMERO,8,Biobío,81,Concepción,8105,Hualqui,1,,1.0,"No es posible reportar resultados, porque la cantidad de estudiantes evaluados es insuficiente. (6 o menos)",Observación de puntaje,0,v22025,2026-06-22,4b,2025,False
3579,3,ESCUELA JOSÉ DOLORES MUÑOZ LABRA,7,Maule,72,Cauquenes,7201,Cauquenes,1,,1.0,"No es posible reportar resultados, porque la cantidad de estudiantes evaluados es insuficiente. (6 o menos)",Observación de puntaje,0,v22025,2026-06-22,4b,2025,False
8342,9,ESCUELA RURAL PUERTO RAMIREZ,10,Los Lagos,104,Palena,10404,Palena,1,,1.0,"No es posible reportar resultados, porque la cantidad de estudiantes evaluados es insuficiente. (6 o menos)",Observación de puntaje,0,v22025,2026-06-22,4b,2025,False
6719,9,ESCUELA BASICA CHACAICO,9,La Araucanía,91,Cautín,9106,Galvarino,1,,1.0,"No es posible reportar resultados, porque la cantidad de estudiantes evaluados es insuficiente. (6 o menos)",Observación de puntaje,0,v22025,2026-06-22,4b,2025,False
2723,5,ESCUELA MUNICIPAL LOS BRIONES,6,Libertador General Bernardo O'Higgins,62,Cardenal Caro,6206,Paredones,0,,1.0,"No es posible reportar resultados, porque la cantidad de estudiantes evaluados es insuficiente. (6 o menos)",Sin alumnos y con observación de puntaje,0,v22025,2026-06-22,4b,2025,False
954,7,ESCUELA EL AJIAL DE QUILE,4,Coquimbo,43,Limarí,4304,Punitaqui,1,,1.0,"No es posible reportar resultados, porque la cantidad de estudiantes evaluados es insuficiente. (6 o menos)",Observación de puntaje,0,v22025,2026-06-22,4b,2025,False
6032,1,ESCUELA MAMUIL MALAL,9,La Araucanía,91,Cautín,9104,Curarrehue,1,,1.0,"No es posible reportar resultados, porque la cantidad de estudiantes evaluados es insuficiente. (6 o menos)",Observación de puntaje,0,v22025,2026-06-22,4b,2025,False
662,9,ESCUELA DE MAITENCILLO,4,Coquimbo,41,Elqui,4103,Andacollo,1,,1.0,"No es posible reportar resultados, porque la cantidad de estudiantes evaluados es insuficiente. (6 o menos)",Observación de puntaje,0,v22025,2026-06-22,4b,2025,False
8139,6,ESCUELA RURAL CHENIAO,10,Los Lagos,102,Chiloé,10209,Quemchi,1,,1.0,"No es posible reportar resultados, porque la cantidad de estudiantes evaluados es insuficiente. (6 o menos)",Observación de puntaje,0,v22025,2026-06-22,4b,2025,False
22451,0,COLEGIO RENUEVO,10,Los Lagos,103,Osorno,10307,San Pablo,1,,1.0,"No es posible reportar resultados, porque la cantidad de estudiantes evaluados es insuficiente. (6 o menos)",Observación de puntaje,0,v22025,2026-06-22,4b,2025,False
7306,7,ESCUELA RURAL QUILLIN,14,Los Ríos,142,Ranco,14203,Lago Ranco,0,,,,Sin alumnos evaluados,2,v22025,2026-06-22,4b,2025,False
8239,2,ESCUELA RURAL INSTITUTO CORFO-PUREO,10,Los Lagos,102,Chiloé,10207,Queilén,1,,1.0,"No es posible reportar resultados, porque la cantidad de estudiantes evaluados es insuficiente. (6 o menos)",Observación de puntaje,0,v22025,2026-06-22,4b,2025,False
6699,0,ESCUELA PARTICULAR AMBROSIO OHIGGINS,9,La Araucanía,91,Cautín,9119,Vilcún,1,,1.0,"No es posible reportar resultados, porque la cantidad de estudiantes evaluados es insuficiente. (6 o menos)",Observación de puntaje,0,v22025,2026-06-22,4b,2025,False
9547,8,ESCUELA BAS. PART. QUEEN & FLOWER COLLE,13,Metropolitana de Santiago,131,Santiago,13129,San Joaquín,20,256.0,2.0,"Por causas ajenas a la Agencia, los resultados no son representativos del desempeño de los estudiantes",Observación de puntaje,0,v22025,2026-06-22,4b,2025,True
13128,8,ESCUELA RURAL MOISÉS LÓPEZ TRUJILLO,3,Atacama,33,Huasco,3304,Huasco,0,,,,Sin alumnos evaluados,1,v22025,2026-06-22,4b,2025,False
3284,0,ESCUELA VIOLETA PARRA,7,Maule,74,Linares,7401,Linares,1,,1.0,"No es posible reportar resultados, porque la cantidad de estudiantes evaluados es insuficiente. (6 o menos)",Observación de puntaje,0,v22025,2026-06-22,4b,2025,False
6599,4,ESCUELA BASICA COIHUE CURACO,9,La Araucanía,91,Cautín,9121,Cholchol,1,,1.0,"No es posible reportar resultados, porque la cantidad de estudiantes evaluados es insuficiente. (6 o menos)",Observación de puntaje,0,v22025,2026-06-22,4b,2025,False
4074,6,ESCUELA BASICA TAUCO,16,Ñuble,162,Itata,16207,Treguaco,0,,,,Sin alumnos evaluados,2,v22025,2026-06-22,4b,2025,False
22225,9,ESC. PARTICULAR CHAQUIAN,14,Los Ríos,142,Ranco,14201,La Unión,1,,1.0,"No es posible reportar resultados, porque la cantidad de estudiantes evaluados es insuficiente. (6 o menos)",Observación de puntaje,0,v22025,2026-06-22,4b,2025,False
5368,6,"ESC. BASICA SAN ARTURO, RADALCO ESTE.",9,La Araucanía,92,Malleco,9203,Curacautín,1,,1.0,"No es posible reportar resultados, porque la cantidad de estudiantes evaluados es insuficiente. (6 o menos)",Observación de puntaje,0,v22025,2026-06-22,4b,2025,False
9590,7,ESCUELA BELGICA,13,Metropolitana de Santiago,131,Santiago,13111,La Granja,10,250.0,2.0,"Por causas ajenas a la Agencia, los resultados no son representativos del desempeño de los estudiantes",Observación de puntaje,0,v22025,2026-06-22,4b,2025,True
14396,0,COLEGIO MEDIOAMBIENTAL LAS AMAPOLAS,5,Valparaíso,51,Valparaíso,5109,Viña del Mar,0,,,,Sin alumnos evaluados,1,v22025,2026-06-22,4b,2025,False
3367,7,ESCUELA DOMINGA CUELLAR IBANEZ,7,Maule,74,Linares,7403,Longaví,1,,1.0,"No es posible reportar resultados, porque la cantidad de estudiantes evaluados es insuficiente. (6 o menos)",Observación de puntaje,0,v22025,2026-06-22,4b,2025,False
4054,1,ESCUELA MAGDALENA,16,Ñuble,162,Itata,16203,Coelemu,1,,1.0,"No es posible reportar resultados, porque la cantidad de estudiantes evaluados es insuficiente. (6 o menos)",Observación de puntaje,0,v22025,2026-06-22,4b,2025,False
4386,9,ESCUELA PARTICULAR EDGARDO SOLAR ACUÑA,8,Biobío,83,Biobío,8314,Alto Biobío,1,,1.0,"No es posible reportar resultados, porque la cantidad de estudiantes evaluados es insuficiente. (6 o menos)",Observación de puntaje,0,v22025,2026-06-22,4b,2025,False
4077,0,ESCUELA BASICA VILLA DENECAN,16,Ñuble,162,Itata,16207,Treguaco,1,,1.0,"No es posible reportar resultados, porque la cantidad de estudiantes evaluados es insuficiente. (6 o menos)",Observación de puntaje,0,v22025,2026-06-22,4b,2025,False
502,9,ESCUELA DE LAS MARQUESAS,3,Atacama,33,Huasco,3302,Alto del Carmen,1,,1.0,"No es posible reportar resultados, porque la cantidad de estudiantes evaluados es insuficiente. (6 o menos)",Observación de puntaje,0,v22025,2026-06-22,4b,2025,False
8299,6,ESCUELA RURAL CASA DE PESCA,10,Los Lagos,104,Palena,10401,Chaitén,1,,1.0,"No es posible reportar resultados, porque la cantidad de estudiantes evaluados es insuficiente. (6 o menos)",Observación de puntaje,0,v22025,2026-06-22,4b,2025,False
22145,7,ESCUELA RURAL EL MIRADOR,14,Los Ríos,141,Valdivia,14104,Los Lagos,0,,,,Sin alumnos evaluados,2,v22025,2026-06-22,4b,2025,False
18017,3,LICEO TÉCNICO PROFESIONAL VIOLETA PARRA,16,Ñuble,163,Punilla,16301,San Carlos,10,259.0,2.0,"Por causas ajenas a la Agencia, los resultados no son representativos del desempeño de los estudiantes",Observación de puntaje,0,v22025,2026-06-22,4b,2025,True
7990,1,ESCUELA RURAL COLONIA SAN MARTIN,10,Los Lagos,101,Llanquihue,10105,Frutillar,1,,1.0,"No es posible reportar resultados, porque la cantidad de estudiantes evaluados es insuficiente. (6 o menos)",Observación de puntaje,0,v22025,2026-06-22,4b,2025,False
5783,5,ESCUELA PARTICULAR SAN JOSE,9,La Araucanía,91,Cautín,9101,Temuco,0,,,,Sin alumnos evaluados,2,v22025,2026-06-22,4b,2025,False
439,1,ESCUELA TOTORAL,3,Atacama,31,Copiapó,3101,Copiapó,1,,1.0,"No es posible reportar resultados, porque la cantidad de estudiantes evaluados es insuficiente. (6 o menos)",Observación de puntaje,0,v22025,2026-06-22,4b,2025,False
5371,6,ESCUELA DE SANTA JULIA,9,La Araucanía,92,Malleco,9203,Curacautín,0,,,,Sin alumnos evaluados,1,v22025,2026-06-22,4b,2025,False
5328,7,ESCUELA BASICA MITRAUQUEN,9,La Araucanía,92,Malleco,9205,Lonquimay,1,,1.0,"No es posible reportar resultados, porque la cantidad de estudiantes evaluados es insuficiente. (6 o menos)",Observación de puntaje,0,v22025,2026-06-22,4b,2025,False
725,0,ESCUELA EL CRISOL,4,Coquimbo,43,Limarí,4301,Ovalle,16,259.0,2.0,"Por causas ajenas a la Agencia, los resultados no son representativos del desempeño de los estudiantes",Observación de puntaje,0,v22025,2026-06-22,4b,2025,True
11153,8,ESCUELA LA PARRITA,4,Coquimbo,42,Choapa,4202,Canela,1,,1.0,"No es posible reportar resultados, porque la cantidad de estudiantes evaluados es insuficiente. (6 o menos)",Observación de puntaje,0,v22025,2026-06-22,4b,2025,False
7927,8,ESCUELA RURAL CAU-CAU,10,Los Lagos,101,Llanquihue,10104,Fresia,1,,1.0,"No es posible reportar resultados, porque la cantidad de estudiantes evaluados es insuficiente. (6 o menos)",Observación de puntaje,0,v22025,2026-06-22,4b,2025,False
3599,8,ESCUELA MIXTA ATENEA,7,Maule,72,Cauquenes,7201,Cauquenes,1,,1.0,"No es posible reportar resultados, porque la cantidad de estudiantes evaluados es insuficiente. (6 o menos)",Observación de puntaje,0,v22025,2026-06-22,4b,2025,False
13380,9,ESCUELA BASICA MUNICIPAL LOS PERALES,4,Coquimbo,42,Choapa,4201,Illapel,1,,1.0,"No es posible reportar resultados, porque la cantidad de estudiantes evaluados es insuficiente. (6 o menos)",Observación de puntaje,0,v22025,2026-06-22,4b,2025,False
10134,6,ESC.COMODORO ARTURO MERINO BENITEZ,13,Metropolitana de Santiago,131,Santiago,13124,Pudahuel,20,274.0,2.0,"Por causas ajenas a la Agencia, los resultados no son representativos del desempeño de los estudiantes",Observación de puntaje,0,v22025,2026-06-22,4b,2025,True
2560,7,ESC. MUNICIPAL LA LAJUELA,6,Libertador General Bernardo O'Higgins,63,Colchagua,6310,Santa Cruz,1,,1.0,"No es posible reportar resultados, porque la cantidad de estudiantes evaluados es insuficiente. (6 o menos)",Observación de puntaje,0,v22025,2026-06-22,4b,2025,False
7821,2,ESCUELA RURAL ISLA TABON,10,Los Lagos,101,Llanquihue,10102,Calbuco,1,,1.0,"No es posible reportar resultados, porque la cantidad de estudiantes evaluados es insuficiente. (6 o menos)",Observación de puntaje,0,v22025,2026-06-22,4b,2025,False
788,9,ESCUELA BASICA VADO DE MORRILLOS,4,Coquimbo,43,Limarí,4305,Río Hurtado,0,,1.0,"No es posible reportar resultados, porque la cantidad de estudiantes evaluados es insuficiente. (6 o menos)",Sin alumnos y con observación de puntaje,0,v22025,2026-06-22,4b,2025,False
4575,6,COLEGIO JOHN KENNEDY,8,Biobío,81,Concepción,8103,Chiguayante,17,263.0,2.0,"Por causas ajenas a la Agencia, los resultados no son representativos del desempeño de los estudiantes",Observación de puntaje,0,v22025,2026-06-22,4b,2025,True
5523,9,ESCUELA PELLAHUENCO,9,La Araucanía,92,Malleco,9208,Purén,1,,1.0,"No es posible reportar resultados, porque la cantidad de estudiantes evaluados es insuficiente. (6 o menos)",Observación de puntaje,0,v22025,2026-06-22,4b,2025,False
4859,3,ESCUELA BASICA CHUPALLAR,8,Biobío,81,Concepción,8111,Tomé,1,,1.0,"No es posible reportar resultados, porque la cantidad de estudiantes evaluados es insuficiente. (6 o menos)",Observación de puntaje,0,v22025,2026-06-22,4b,2025,False
8225,2,ESCUELA RURAL CANAN,10,Los Lagos,102,Chiloé,10203,Chonchi,0,,,,Sin alumnos evaluados,2,v22025,2026-06-22,4b,2025,False
3754,0,ESCUELA BULI,16,Ñuble,163,Punilla,16301,San Carlos,1,,1.0,"No es posible reportar resultados, porque la cantidad de estudiantes evaluados es insuficiente. (6 o menos)",Observación de puntaje,0,v22025,2026-06-22,4b,2025,False
4003,7,ESCUELA BASICA HUACAMALA,16,Ñuble,161,Diguillín,16107,Quillón,0,,,,Sin alumnos evaluados,2,v22025,2026-06-22,4b,2025,False
5331,7,ESCUELA BASICA MARIMENUCO,9,La Araucanía,92,Malleco,9205,Lonquimay,1,,1.0,"No es posible reportar resultados, porque la cantidad de estudiantes evaluados es insuficiente. (6 o menos)",Observación de puntaje,0,v22025,2026-06-22,4b,2025,False
276,3,ESCUELA BASICA TALABRE,2,Antofagasta,22,El Loa,2203,San Pedro de Atacama,1,,1.0,"No es posible reportar resultados, porque la cantidad de estudiantes evaluados es insuficiente. (6 o menos)",Observación de puntaje,0,v22025,2026-06-22,4b,2025,False
3857,1,ESCUELA BENJAMIN VICUNA MACKENNA,16,Ñuble,163,Punilla,16302,Coihueco,1,,1.0,"No es posible reportar resultados, porque la cantidad de estudiantes evaluados es insuficiente. (6 o menos)",Observación de puntaje,0,v22025,2026-06-22,4b,2025,False
468,5,ESCUELA BÁSICA IGNACIO FRANCO GALLO,3,Atacama,33,Huasco,3301,Vallenar,1,,1.0,"No es posible reportar resultados, porque la cantidad de estudiantes evaluados es insuficiente. (6 o menos)",Observación de puntaje,0,v22025,2026-06-22,4b,2025,False
173,2,ESCUELA MOQUELLA,1,Tarapacá,14,Tamarugal,1402,Camiña,1,,1.0,"No es posible reportar resultados, porque la cantidad de estudiantes evaluados es insuficiente. (6 o menos)",Observación de puntaje,0,v22025,2026-06-22,4b,2025,False
3190,9,ESCUELA RURAL QUEBRADA VERDE,7,Maule,71,Talca,7102,Constitución,1,,1.0,"No es posible reportar resultados, porque la cantidad de estudiantes evaluados es insuficiente. (6 o menos)",Observación de puntaje,0,v22025,2026-06-22,4b,2025,False
8122,1,ESCUELA RURAL PIDO,10,Los Lagos,102,Chiloé,10209,Quemchi,1,,1.0,"No es posible reportar resultados, porque la cantidad de estudiantes evaluados es insuficiente. (6 o menos)",Observación de puntaje,0,v22025,2026-06-22,4b,2025,False
6413,0,ESCUELA DE RUCA-CURA,9,La Araucanía,91,Cautín,9117,Teodoro Schmidt,1,,1.0,"No es posible reportar resultados, porque la cantidad de estudiantes evaluados es insuficiente. (6 o menos)",Observación de puntaje,0,v22025,2026-06-22,4b,2025,False
4421,0,ESCUELA BASICA PILGUEN,8,Biobío,83,Biobío,8305,Mulchén,1,,1.0,"No es posible reportar resultados, porque la cantidad de estudiantes evaluados es insuficiente. (6 o menos)",Observación de puntaje,0,v22025,2026-06-22,4b,2025,False
7787,9,ESCUELA RURAL QUENU,10,Los Lagos,101,Llanquihue,10102,Calbuco,1,,1.0,"No es posible reportar resultados, porque la cantidad de estudiantes evaluados es insuficiente. (6 o menos)",Observación de puntaje,0,v22025,2026-06-22,4b,2025,False
6728,8,ESCUELA BASICA TRIF TRIFCO,9,La Araucanía,91,Cautín,9106,Galvarino,0,,,,Sin alumnos evaluados,2,v22025,2026-06-22,4b,2025,False
8271,6,ESCUELA RURAL PUNTA PAULA,10,Los Lagos,102,Chiloé,10208,Quellón,1,,1.0,"No es posible reportar resultados, porque la cantidad de estudiantes evaluados es insuficiente. (6 o menos)",Observación de puntaje,0,v22025,2026-06-22,4b,2025,False
2609,3,ESCUELA MUNICIPAL DE PALMILLA DE RETO,6,Libertador General Bernardo O'Higgins,63,Colchagua,6309,Pumanque,0,,,,Sin alumnos evaluados,1,v22025,2026-06-22,4b,2025,False
93,0,ESCUELA CHUJLLUTA,15,Arica y Parinacota,152,Parinacota,15202,General Lagos,0,,,,Sin alumnos evaluados,1,v22025,2026-06-22,4b,2025,False
5835,1,ESC. BASICA VILLA COIHUECO,9,La Araucanía,91,Cautín,9108,Lautaro,1,,1.0,"No es posible reportar resultados, porque la cantidad de estudiantes evaluados es insuficiente. (6 o menos)",Observación de puntaje,0,v22025,2026-06-22,4b,2025,False
10266,0,ESCUELA DRA.ELOISA DIAZ INSUNZA,13,Metropolitana de Santiago,131,Santiago,13104,Conchalí,21,234.0,2.0,"Por causas ajenas a la Agencia, los resultados no son representativos del desempeño de los estudiantes",Observación de puntaje,0,v22025,2026-06-22,4b,2025,True
7000,9,ESCUELA RURAL HUEINAHUE,14,Los Ríos,142,Ranco,14202,Futrono,0,,,,Sin alumnos evaluados,2,v22025,2026-06-22,4b,2025,False
1252,1,ESCUELA BASICA VALLE ALEGRE,5,Valparaíso,53,Los Andes,5302,Calle Larga,1,,1.0,"No es posible reportar resultados, porque la cantidad de estudiantes evaluados es insuficiente. (6 o menos)",Observación de puntaje,0,v22025,2026-06-22,4b,2025,False
5294,9,ESCUELA MUNICIPAL JOEL COLLÍO MORALES,9,La Araucanía,92,Malleco,9202,Collipulli,1,,1.0,"No es posible reportar resultados, porque la cantidad de estudiantes evaluados es insuficiente. (6 o menos)",Observación de puntaje,0,v22025,2026-06-22,4b,2025,False
7501,9,ESCUELA PARTICULAR N.179 NOCHACO,10,Los Lagos,103,Osorno,10302,Puerto Octay,1,,1.0,"No es posible reportar resultados, porque la cantidad de estudiantes evaluados es insuficiente. (6 o menos)",Observación de puntaje,0,v22025,2026-06-22,4b,2025,False
7933,2,ESCUELA RURAL OLGA SOTO ALVARADO,10,Los Lagos,101,Llanquihue,10104,Fresia,1,,1.0,"No es posible reportar resultados, porque la cantidad de estudiantes evaluados es insuficiente. (6 o menos)",Observación de puntaje,0,v22025,2026-06-22,4b,2025,False
20027,1,ESCUELA HUERTOS MINEROS,9,La Araucanía,91,Cautín,9102,Carahue,1,,1.0,"No es posible reportar resultados, porque la cantidad de estudiantes evaluados es insuficiente. (6 o menos)",Observación de puntaje,0,v22025,2026-06-22,4b,2025,False
3213,1,ESCUELA LA TRICHERA,7,Maule,71,Talca,7103,Curepto,1,,1.0,"No es posible reportar resultados, porque la cantidad de estudiantes evaluados es insuficiente. (6 o menos)",Observación de puntaje,0,v22025,2026-06-22,4b,2025,False
986,5,ESCUELA BASICA LAS CHINCHILLAS DE COCOU,4,Coquimbo,42,Choapa,4201,Illapel,1,,1.0,"No es posible reportar resultados, porque la cantidad de estudiantes evaluados es insuficiente. (6 o menos)",Observación de puntaje,0,v22025,2026-06-22,4b,2025,False
1092,8,ESCUELA BASICA MINCHA NORTE,4,Coquimbo,42,Choapa,4202,Canela,1,,1.0,"No es posible reportar resultados, porque la cantidad de estudiantes evaluados es insuficiente. (6 o menos)",Observación de puntaje,0,v22025,2026-06-22,4b,2025,False
6711,3,ESCUELA BASICA MANIUCO,9,La Araucanía,91,Cautín,9106,Galvarino,1,,1.0,"No es posible reportar resultados, porque la cantidad de estudiantes evaluados es insuficiente. (6 o menos)",Observación de puntaje,0,v22025,2026-06-22,4b,2025,False
10887,1,ESCUELA DE CHITITA,15,Arica y Parinacota,151,Arica,15102,Camarones,1,,1.0,"No es posible reportar resultados, porque la cantidad de estudiantes evaluados es insuficiente. (6 o menos)",Observación de puntaje,0,v22025,2026-06-22,4b,2025,False
22125,2,ESCUELA PARTICULAR COMUY,14,Los Ríos,142,Ranco,14203,Lago Ranco,1,,1.0,"No es posible reportar resultados, porque la cantidad de estudiantes evaluados es insuficiente. (6 o menos)",Observación de puntaje,0,v22025,2026-06-22,4b,2025,False
8208,2,ESCUELA RURAL CURACO DE VILUPULLI,10,Los Lagos,102,Chiloé,10203,Chonchi,1,,1.0,"No es posible reportar resultados, porque la cantidad de estudiantes evaluados es insuficiente. (6 o menos)",Observación de puntaje,0,v22025,2026-06-22,4b,2025,False
9728,4,ESCUELA DIFERENCIAL PARA NINOS SORDOS,13,Metropolitana de Santiago,131,Santiago,13105,El Bosque,0,,,,Sin alumnos evaluados,1,v22025,2026-06-22,4b,2025,False
22317,4,COLEGIO SAN ANTONIO,14,Los Ríos,141,Valdivia,14107,Paillaco,8,277.0,2.0,"Por causas ajenas a la Agencia, los resultados no son representativos del desempeño de los estudiantes",Observación de puntaje,0,v22025,2026-06-22,4b,2025,True
754,4,ESCUELA LA ARAUCANA,4,Coquimbo,43,Limarí,4301,Ovalle,1,,1.0,"No es posible reportar resultados, porque la cantidad de estudiantes evaluados es insuficiente. (6 o menos)",Observación de puntaje,0,v22025,2026-06-22,4b,2025,False
2543,7,ESCUELA CARLOS DONOSO REBOLLEDO,6,Libertador General Bernardo O'Higgins,63,Colchagua,6302,Chépica,1,,1.0,"No es posible reportar resultados, porque la cantidad de estudiantes evaluados es insuficiente. (6 o menos)",Observación de puntaje,0,v22025,2026-06-22,4b,2025,False
2735,9,ESCUELA PRESIDENTE J.M.BALMACEDA,7,Maule,73,Curicó,7301,Curicó,9,281.0,2.0,"Por causas ajenas a la Agencia, los resultados no son representativos del desempeño de los estudiantes",Observación de puntaje,0,v22025,2026-06-22,4b,2025,True
3917,9,ESCUELA VALLE DE ATACALCO,16,Ñuble,161,Diguillín,16104,El Carmen,1,,1.0,"No es posible reportar resultados, porque la cantidad de estudiantes evaluados es insuficiente. (6 o menos)",Observación de puntaje,0,v22025,2026-06-22,4b,2025,False
6857,8,ESCUELA RURAL MISSISSIPPI,14,Los Ríos,141,Valdivia,14106,Mariquina,1,,1.0,"No es posible reportar resultados, porque la cantidad de estudiantes evaluados es insuficiente. (6 o menos)",Observación de puntaje,0,v22025,2026-06-22,4b,2025,False
4942,5,ESCUELA TANAHUILLIN,8,Biobío,81,Concepción,8109,Santa Juana,1,,1.0,"No es posible reportar resultados, porque la cantidad de estudiantes evaluados es insuficiente. (6 o menos)",Observación de puntaje,0,v22025,2026-06-22,4b,2025,False
31302,5,COLEGIO LOS PINOS,13,Metropolitana de Santiago,134,Maipo,13401,San Bernardo,0,,,,Sin alumnos evaluados,1,v22025,2026-06-22,4b,2025,False
156,2,ESCUELA PISAGUA,1,Tarapacá,14,Tamarugal,1404,Huara,1,,1.0,"No es posible reportar resultados, porque la cantidad de estudiantes evaluados es insuficiente. (6 o menos)",Observación de puntaje,0,v22025,2026-06-22,4b,2025,False
10472,8,ESCUELA CASAS VIEJAS,13,Metropolitana de Santiago,132,Cordillera,13201,Puente Alto,10,250.0,2.0,"Por causas ajenas a la Agencia, los resultados no son representativos del desempeño de los estudiantes",Observación de puntaje,0,v22025,2026-06-22,4b,2025,True
697,1,ESCUELA MUNICIPAL ALCOHUAZ,4,Coquimbo,41,Elqui,4105,Paihuano,1,,1.0,"No es posible reportar resultados, porque la cantidad de estudiantes evaluados es insuficiente. (6 o menos)",Observación de puntaje,0,v22025,2026-06-22,4b,2025,False
87,6,ESCUELA ANCOLACANE,15,Arica y Parinacota,152,Parinacota,15202,General Lagos,1,,1.0,"No es posible reportar resultados, porque la cantidad de estudiantes evaluados es insuficiente. (6 o menos)",Observación de puntaje,0,v22025,2026-06-22,4b,2025,False
1418,4,ESCUELA BASICA,5,Valparaíso,55,Quillota,5504,La Cruz,1,,1.0,"No es posible reportar resultados, porque la cantidad de estudiantes evaluados es insuficiente. (6 o menos)",Observación de puntaje,0,v22025,2026-06-22,4b,2025,False
1238,6,ESCUELA INCLUSIVA SAN LORENZO,5,Valparaíso,53,Los Andes,5304,San Esteban,0,,,,Sin alumnos evaluados,1,v22025,2026-06-22,4b,2025,False
5480,1,ESCUELA RUCATRARO ALTO,9,La Araucanía,91,Cautín,9106,Galvarino,1,,1.0,"No es posible reportar resultados, porque la cantidad de estudiantes evaluados es insuficiente. (6 o menos)",Observación de puntaje,0,v22025,2026-06-22,4b,2025,False
26250,1,ESCUELA BAS. MISIONERO DE AGOSTINI,13,Metropolitana de Santiago,131,Santiago,13112,La Pintana,6,209.0,2.0,"Por causas ajenas a la Agencia, los resultados no son representativos del desempeño de los estudiantes",Observación de puntaje,0,v22025,2026-06-22,4b,2025,True
8397,6,ESCUELA TULIO BURGOS RIVERA,11,Aysén del General Carlos Ibáñez del Campo,114,General Carrera,11401,Chile Chico,0,,,,Sin alumnos evaluados,1,v22025,2026-06-22,4b,2025,False
7856,5,ESCUELA RURAL ASTILLEROS,10,Los Lagos,101,Llanquihue,10108,Maullín,0,,,,Sin alumnos evaluados,1,v22025,2026-06-22,4b,2025,False
11036,1,ESCUELA JOSÉ JOAQUÍN VALLEJOS,3,Atacama,31,Copiapó,3102,Caldera,1,,1.0,"No es posible reportar resultados, porque la cantidad de estudiantes evaluados es insuficiente. (6 o menos)",Observación de puntaje,0,v22025,2026-06-22,4b,2025,False
6622,2,ESC. BASICA CAMPANARIO,9,La Araucanía,91,Cautín,9121,Cholchol,1,,1.0,"No es posible reportar resultados, porque la cantidad de estudiantes evaluados es insuficiente. (6 o menos)",Observación de puntaje,0,v22025,2026-06-22,4b,2025,False
6021,6,ESCUELA PARTICULAR CAREN,9,La Araucanía,91,Cautín,9110,Melipeuco,1,,1.0,"No es posible reportar resultados, porque la cantidad de estudiantes evaluados es insuficiente. (6 o menos)",Observación de puntaje,0,v22025,2026-06-22,4b,2025,False
8334,8,ESCUELA RURAL EL ESPOLON,10,Los Lagos,104,Palena,10402,Futaleufú,1,,1.0,"No es posible reportar resultados, porque la cantidad de estudiantes evaluados es insuficiente. (6 o menos)",Observación de puntaje,0,v22025,2026-06-22,4b,2025,False
6127,1,ESCUELA PARTICULAR CUDICO,9,La Araucanía,91,Cautín,9120,Villarrica,0,,,,Sin alumnos evaluados,1,v22025,2026-06-22,4b,2025,False
4006,1,ESCUELA BASICA LIUCURA BAJO,16,Ñuble,161,Diguillín,16107,Quillón,1,,1.0,"No es posible reportar resultados, porque la cantidad de estudiantes evaluados es insuficiente. (6 o menos)",Observación de puntaje,0,v22025,2026-06-22,4b,2025,False
3419,3,ESCUELA EL CIENAGO,7,Maule,74,Linares,7404,Parral,1,,1.0,"No es posible reportar resultados, porque la cantidad de estudiantes evaluados es insuficiente. (6 o menos)",Observación de puntaje,0,v22025,2026-06-22,4b,2025,False
3854,7,ESCUELA CANCHA RAYADA,16,Ñuble,163,Punilla,16302,Coihueco,1,,1.0,"No es posible reportar resultados, porque la cantidad de estudiantes evaluados es insuficiente. (6 o menos)",Observación de puntaje,0,v22025,2026-06-22,4b,2025,False
5563,8,ESC. BASICA PETRONA PAILLALEO,9,La Araucanía,92,Malleco,9206,Los Sauces,1,,1.0,"No es posible reportar resultados, porque la cantidad de estudiantes evaluados es insuficiente. (6 o menos)",Observación de puntaje,0,v22025,2026-06-22,4b,2025,False
7790,9,ESCUELA RURAL SOL DEL PACIFICO,10,Los Lagos,101,Llanquihue,10102,Calbuco,1,,1.0,"No es posible reportar resultados, porque la cantidad de estudiantes evaluados es insuficiente. (6 o menos)",Observación de puntaje,0,v22025,2026-06-22,4b,2025,False
4089,4,ESCUELA BASICA LA ACHIRA,16,Ñuble,162,Itata,16202,Cobquecura,1,,1.0,"No es posible reportar resultados, porque la cantidad de estudiantes evaluados es insuficiente. (6 o menos)",Observación de puntaje,0,v22025,2026-06-22,4b,2025,False
9499,4,ESCUELA HOGAR DE CIEGOS SANTA LUCIA,13,Metropolitana de Santiago,131,Santiago,13109,La Cisterna,0,,,,Sin alumnos evaluados,1,v22025,2026-06-22,4b,2025,False
6602,8,ESCUELA BASICA CATRIANCHE,9,La Araucanía,91,Cautín,9111,Nueva Imperial,1,,1.0,"No es posible reportar resultados, porque la cantidad de estudiantes evaluados es insuficiente. (6 o menos)",Observación de puntaje,0,v22025,2026-06-22,4b,2025,False
3187,9,ESCUELA CARRIZALILLO,7,Maule,71,Talca,7102,Constitución,1,,1.0,"No es posible reportar resultados, porque la cantidad de estudiantes evaluados es insuficiente. (6 o menos)",Observación de puntaje,0,v22025,2026-06-22,4b,2025,False
3336,7,ESCUELA RARI,7,Maule,74,Linares,7402,Colbún,7,274.0,2.0,"Por causas ajenas a la Agencia, los resultados no son representativos del desempeño de los estudiantes",Observación de puntaje,0,v22025,2026-06-22,4b,2025,True
22048,5,ESCUELA RURAL CHANGUE,10,Los Lagos,101,Llanquihue,10108,Maullín,1,,1.0,"No es posible reportar resultados, porque la cantidad de estudiantes evaluados es insuficiente. (6 o menos)",Observación de puntaje,0,v22025,2026-06-22,4b,2025,False
10538,4,ESCUELA BASICA G-N°637 LAS MELOSAS,13,Metropolitana de Santiago,132,Cordillera,13203,San José de Maipo,1,,1.0,"No es posible reportar resultados, porque la cantidad de estudiantes evaluados es insuficiente. (6 o menos)",Observación de puntaje,0,v22025,2026-06-22,4b,2025,False
8354,2,ESCUELA RURAL PABLO CEA VASQUEZ,11,Aysén del General Carlos Ibáñez del Campo,111,Coyhaique,11101,Coyhaique,1,,1.0,"No es posible reportar resultados, porque la cantidad de estudiantes evaluados es insuficiente. (6 o menos)",Observación de puntaje,0,v22025,2026-06-22,4b,2025,False
7770,4,ESCUELA RURAL SANTA TERESITA DE LOS AND,10,Los Lagos,101,Llanquihue,10103,Cochamó,1,,1.0,"No es posible reportar resultados, porque la cantidad de estudiantes evaluados es insuficiente. (6 o menos)",Observación de puntaje,0,v22025,2026-06-22,4b,2025,False
8268,6,ESCUELA RURAL OQUELDAN,10,Los Lagos,102,Chiloé,10208,Quellón,1,,1.0,"No es posible reportar resultados, porque la cantidad de estudiantes evaluados es insuficiente. (6 o menos)",Observación de puntaje,0,v22025,2026-06-22,4b,2025,False
3791,5,ESCUELA EL TORREON,16,Ñuble,163,Punilla,16301,San Carlos,0,,,,Sin alumnos evaluados,1,v22025,2026-06-22,4b,2025,False
1129,0,ESCUELA ANGEL MENAY,5,Valparaíso,54,Petorca,5401,La Ligua,1,,1.0,"No es posible reportar resultados, porque la cantidad de estudiantes evaluados es insuficiente. (6 o menos)",Observación de puntaje,0,v22025,2026-06-22,4b,2025,False
760,9,ESCUELA LAS LOMAS DE PUNILLA,4,Coquimbo,43,Limarí,4301,Ovalle,1,,1.0,"No es posible reportar resultados, porque la cantidad de estudiantes evaluados es insuficiente. (6 o menos)",Observación de puntaje,0,v22025,2026-06-22,4b,2025,False
806,0,ESCUELA FRONTERA LAS RAMADAS,4,Coquimbo,43,Limarí,4303,Monte Patria,1,,1.0,"No es posible reportar resultados, porque la cantidad de estudiantes evaluados es insuficiente. (6 o menos)",Observación de puntaje,0,v22025,2026-06-22,4b,2025,False
22077,9,ESCUELA PARTICULAR LLAQUITO,14,Los Ríos,142,Ranco,14201,La Unión,1,,1.0,"No es posible reportar resultados, porque la cantidad de estudiantes evaluados es insuficiente. (6 o menos)",Observación de puntaje,0,v22025,2026-06-22,4b,2025,False
7089,0,ESCUELA RURAL LAGO NELTUME,14,Los Ríos,141,Valdivia,14108,Panguipulli,1,,1.0,"No es posible reportar resultados, porque la cantidad de estudiantes evaluados es insuficiente. (6 o menos)",Observación de puntaje,0,v22025,2026-06-22,4b,2025,False
5174,8,ESCUELA EL ALAMO,8,Biobío,82,Arauco,8204,Contulmo,1,,1.0,"No es posible reportar resultados, porque la cantidad de estudiantes evaluados es insuficiente. (6 o menos)",Observación de puntaje,0,v22025,2026-06-22,4b,2025,False
5838,6,ESC. BASICA LAS MINAS,9,La Araucanía,91,Cautín,9108,Lautaro,1,,1.0,"No es posible reportar resultados, porque la cantidad de estudiantes evaluados es insuficiente. (6 o menos)",Observación de puntaje,0,v22025,2026-06-22,4b,2025,False
4882,8,ESCUELA BASICA QUEBRADA LAS ULLOA,8,Biobío,81,Concepción,8104,Florida,1,,1.0,"No es posible reportar resultados, porque la cantidad de estudiantes evaluados es insuficiente. (6 o menos)",Observación de puntaje,0,v22025,2026-06-22,4b,2025,False
7607,4,ESCUELA PARTICULAR N.156 CHANCO,10,Los Lagos,103,Osorno,10306,San Juan de la Costa,0,,1.0,"No es posible reportar resultados, porque la cantidad de estudiantes evaluados es insuficiente. (6 o menos)",Sin alumnos y con observación de puntaje,0,v22025,2026-06-22,4b,2025,False
5984,6,ESC. BASICA LO SCHMITH,9,La Araucanía,91,Cautín,9103,Cunco,1,,1.0,"No es posible reportar resultados, porque la cantidad de estudiantes evaluados es insuficiente. (6 o menos)",Observación de puntaje,0,v22025,2026-06-22,4b,2025,False
8294,5,ESCUELA RURAL AUTENI,10,Los Lagos,104,Palena,10401,Chaitén,1,,1.0,"No es posible reportar resultados, porque la cantidad de estudiantes evaluados es insuficiente. (6 o menos)",Observación de puntaje,0,v22025,2026-06-22,4b,2025,False
3216,6,ESCUELA CAPILLA DE RAPILERMO,7,Maule,71,Talca,7103,Curepto,1,,1.0,"No es posible reportar resultados, porque la cantidad de estudiantes evaluados es insuficiente. (6 o menos)",Observación de puntaje,0,v22025,2026-06-22,4b,2025,False
3282,4,ESCUELA EL CULMEN,7,Maule,74,Linares,7401,Linares,0,,,,Sin alumnos evaluados,1,v22025,2026-06-22,4b,2025,False
1244,0,ESCUELA SAN FRANCISCO,5,Valparaíso,53,Los Andes,5304,San Esteban,0,,,,Sin alumnos evaluados,1,v22025,2026-06-22,4b,2025,False
5423,2,ESCUELA BASICA TRANGOL,9,La Araucanía,92,Malleco,9211,Victoria,1,,1.0,"No es posible reportar resultados, porque la cantidad de estudiantes evaluados es insuficiente. (6 o menos)",Observación de puntaje,0,v22025,2026-06-22,4b,2025,False
5964,1,ESC. BASICA SAN CAMILO,9,La Araucanía,91,Cautín,9103,Cunco,1,,1.0,"No es posible reportar resultados, porque la cantidad de estudiantes evaluados es insuficiente. (6 o menos)",Observación de puntaje,0,v22025,2026-06-22,4b,2025,False
7381,4,ESCUELA RURAL CHACAYAL,10,Los Lagos,103,Osorno,10301,Osorno,1,,1.0,"No es posible reportar resultados, porque la cantidad de estudiantes evaluados es insuficiente. (6 o menos)",Observación de puntaje,0,v22025,2026-06-22,4b,2025,False
2057,5,ESCUELA PARTICULAR N. 33 MARIA KONIG,5,Valparaíso,56,San Antonio,5601,San Antonio,0,,,,Sin alumnos evaluados,1,v22025,2026-06-22,4b,2025,False
7822,0,ESCUELA RURAL MACHIL,10,Los Lagos,101,Llanquihue,10102,Calbuco,1,,1.0,"No es posible reportar resultados, porque la cantidad de estudiantes evaluados es insuficiente. (6 o menos)",Observación de puntaje,0,v22025,2026-06-22,4b,2025,False
7673,2,ESCUELA RURAL LOS PIONEROS DE SALTO CHI,10,Los Lagos,101,Llanquihue,10101,Puerto Montt,1,,1.0,"No es posible reportar resultados, porque la cantidad de estudiantes evaluados es insuficiente. (6 o menos)",Observación de puntaje,0,v22025,2026-06-22,4b,2025,False
41264,3,COLEGIO EL ROBLE,13,Metropolitana de Santiago,131,Santiago,13120,Ñuñoa,1,,1.0,"No es posible reportar resultados, porque la cantidad de estudiantes evaluados es insuficiente. (6 o menos)",Observación de puntaje,0,v22025,2026-06-22,4b,2025,False
12711,6,LICEO ACADEMIA SINAI,1,Tarapacá,11,Iquique,1107,Alto Hospicio,0,,,,Sin alumnos evaluados,1,v22025,2026-06-22,4b,2025,False
13375,2,ESCUELA BASICA EL MEMBRILLO,4,Coquimbo,42,Choapa,4201,Illapel,0,,,,Sin alumnos evaluados,1,v22025,2026-06-22,4b,2025,False
6219,7,ESCUELA PARTICULAR TRAPILHUE,9,La Araucanía,91,Cautín,9105,Freire,1,,1.0,"No es posible reportar resultados, porque la cantidad de estudiantes evaluados es insuficiente. (6 o menos)",Observación de puntaje,0,v22025,2026-06-22,4b,2025,False
13312,4,ESCUELA PARTICULAR CHEPICA,4,Coquimbo,43,Limarí,4302,Combarbalá,1,,1.0,"No es posible reportar resultados, porque la cantidad de estudiantes evaluados es insuficiente. (6 o menos)",Observación de puntaje,0,v22025,2026-06-22,4b,2025,False
24218,7,ESC.NUESTRA SRA DE LA DIVINA PROVIDENCI,11,Aysén del General Carlos Ibáñez del Campo,112,Aysén,11202,Cisnes,1,,1.0,"No es posible reportar resultados, porque la cantidad de estudiantes evaluados es insuficiente. (6 o menos)",Observación de puntaje,0,v22025,2026-06-22,4b,2025,False
8234,1,ESCUELA RURAL MIRAFLORES,10,Los Lagos,102,Chiloé,10203,Chonchi,1,,1.0,"No es posible reportar resultados, porque la cantidad de estudiantes evaluados es insuficiente. (6 o menos)",Observación de puntaje,0,v22025,2026-06-22,4b,2025,False
7693,7,ESCUELA RURAL PELLINES DEL SALTO,10,Los Lagos,101,Llanquihue,10101,Puerto Montt,1,,1.0,"No es posible reportar resultados, porque la cantidad de estudiantes evaluados es insuficiente. (6 o menos)",Observación de puntaje,0,v22025,2026-06-22,4b,2025,False
1158,4,ESCUELA BASICA BENANCIO PEREZ,5,Valparaíso,54,Petorca,5404,Petorca,1,,1.0,"No es posible reportar resultados, porque la cantidad de estudiantes evaluados es insuficiente. (6 o menos)",Observación de puntaje,0,v22025,2026-06-22,4b,2025,False
6322,3,ESCUELA WINGKUL-NIGEN,9,La Araucanía,91,Cautín,9109,Loncoche,0,,,,Sin alumnos evaluados,1,v22025,2026-06-22,4b,2025,False
3926,8,ESCUELA SAN JOSE SUR,16,Ñuble,161,Diguillín,16104,El Carmen,1,,1.0,"No es posible reportar resultados, porque la cantidad de estudiantes evaluados es insuficiente. (6 o menos)",Observación de puntaje,0,v22025,2026-06-22,4b,2025,False
892,3,ESCUELA PARTICULAR EL DURAZNO,4,Coquimbo,43,Limarí,4302,Combarbalá,1,,1.0,"No es posible reportar resultados, porque la cantidad de estudiantes evaluados es insuficiente. (6 o menos)",Observación de puntaje,0,v22025,2026-06-22,4b,2025,False
4467,9,ESCUELA SANTA LUISA,8,Biobío,83,Biobío,8306,Nacimiento,1,,1.0,"No es posible reportar resultados, porque la cantidad de estudiantes evaluados es insuficiente. (6 o menos)",Observación de puntaje,0,v22025,2026-06-22,4b,2025,False
6674,5,ESCUELA PARTICULAR ALTO MANIO,9,La Araucanía,91,Cautín,9111,Nueva Imperial,1,,1.0,"No es posible reportar resultados, porque la cantidad de estudiantes evaluados es insuficiente. (6 o menos)",Observación de puntaje,0,v22025,2026-06-22,4b,2025,False
7321,0,ESCUELA PARTICULAR SAN SEBASTIÁN DE CHA,14,Los Ríos,141,Valdivia,14101,Valdivia,0,,,,Sin alumnos evaluados,1,v22025,2026-06-22,4b,2025,False
7384,9,ESCUELA RURAL TACAMO ALTO,10,Los Lagos,103,Osorno,10301,Osorno,1,,1.0,"No es posible reportar resultados, porque la cantidad de estudiantes evaluados es insuficiente. (6 o menos)",Observación de puntaje,0,v22025,2026-06-22,4b,2025,False
786,2,ESCUELA BASICA LA HUERTA,4,Coquimbo,43,Limarí,4305,Río Hurtado,1,,1.0,"No es posible reportar resultados, porque la cantidad de estudiantes evaluados es insuficiente. (6 o menos)",Observación de puntaje,0,v22025,2026-06-22,4b,2025,False
7819,0,ESCUELA RURAL EL AVELLANAL,10,Los Lagos,101,Llanquihue,10102,Calbuco,1,,1.0,"No es posible reportar resultados, porque la cantidad de estudiantes evaluados es insuficiente. (6 o menos)",Observación de puntaje,0,v22025,2026-06-22,4b,2025,False
6737,7,ESCUELA PARTICULAR PAILLAHUE,9,La Araucanía,92,Malleco,9210,Traiguén,1,,1.0,"No es posible reportar resultados, porque la cantidad de estudiantes evaluados es insuficiente. (6 o menos)",Observación de puntaje,0,v22025,2026-06-22,4b,2025,False
8254,6,ESCUELA RURAL DETICO,10,Los Lagos,102,Chiloé,10207,Queilén,1,,1.0,"No es posible reportar resultados, porque la cantidad de estudiantes evaluados es insuficiente. (6 o menos)",Observación de puntaje,0,v22025,2026-06-22,4b,2025,False
8131,0,ESCUELA RURAL MALUCO,10,Los Lagos,102,Chiloé,10209,Quemchi,1,,1.0,"No es posible reportar resultados, porque la cantidad de estudiantes evaluados es insuficiente. (6 o menos)",Observación de puntaje,0,v22025,2026-06-22,4b,2025,False
7072,6,ESCUELA RURAL LLANCAHUE,14,Los Ríos,141,Valdivia,14108,Panguipulli,1,,1.0,"No es posible reportar resultados, porque la cantidad de estudiantes evaluados es insuficiente. (6 o menos)",Observación de puntaje,0,v22025,2026-06-22,4b,2025,False
8300,3,ESCUELA RURAL LOYOLA,10,Los Lagos,104,Palena,10401,Chaitén,1,,1.0,"No es posible reportar resultados, porque la cantidad de estudiantes evaluados es insuficiente. (6 o menos)",Observación de puntaje,0,v22025,2026-06-22,4b,2025,False
22263,1,COLEGIO SAN MARCOS,10,Los Lagos,103,Osorno,10301,Osorno,1,,1.0,"No es posible reportar resultados, porque la cantidad de estudiantes evaluados es insuficiente. (6 o menos)",Observación de puntaje,0,v22025,2026-06-22,4b,2025,False
3030,9,ESCUELA LIHUENO,7,Maule,71,Talca,7106,Pelarco,1,,1.0,"No es posible reportar resultados, porque la cantidad de estudiantes evaluados es insuficiente. (6 o menos)",Observación de puntaje,0,v22025,2026-06-22,4b,2025,False
11543,6,ESCUELA PARTICULAR TRIPAYANTE,14,Los Ríos,141,Valdivia,14106,Mariquina,1,,1.0,"No es posible reportar resultados, porque la cantidad de estudiantes evaluados es insuficiente. (6 o menos)",Observación de puntaje,0,v22025,2026-06-22,4b,2025,False
6465,3,LICEO PART. SUBVENC. LA SIERRA,9,La Araucanía,91,Cautín,9116,Saavedra,0,,,,Sin alumnos evaluados,2,v22025,2026-06-22,4b,2025,False
3322,7,ESCUELA COIRONAL,7,Maule,74,Linares,7408,Yerbas Buenas,0,,,,Sin alumnos evaluados,2,v22025,2026-06-22,4b,2025,False
11609,2,ESCUELA MUNICIPAL MELIMOYU,11,Aysén del General Carlos Ibáñez del Campo,112,Aysén,11202,Cisnes,0,,,,Sin alumnos evaluados,1,v22025,2026-06-22,4b,2025,False
746,3,ESCUELA EL SAUCE,4,Coquimbo,43,Limarí,4301,Ovalle,1,,1.0,"No es posible reportar resultados, porque la cantidad de estudiantes evaluados es insuficiente. (6 o menos)",Observación de puntaje,0,v22025,2026-06-22,4b,2025,False
179,1,ESCUELA BASICA MAUQUE,1,Tarapacá,14,Tamarugal,1403,Colchane,1,,1.0,"No es posible reportar resultados, porque la cantidad de estudiantes evaluados es insuficiente. (6 o menos)",Observación de puntaje,0,v22025,2026-06-22,4b,2025,False
11540,1,ESCUELA PARTICULAR ALEPUE,14,Los Ríos,141,Valdivia,14106,Mariquina,1,,1.0,"No es posible reportar resultados, porque la cantidad de estudiantes evaluados es insuficiente. (6 o menos)",Observación de puntaje,0,v22025,2026-06-22,4b,2025,False
869,9,ESCUELA BASICA REBECA PONCE DE LEON V.,4,Coquimbo,43,Limarí,4302,Combarbalá,0,,,,Sin alumnos evaluados,1,v22025,2026-06-22,4b,2025,False
22758,7,LICEO BICENTENARIO COMPLEJO EDUCACIONAL,14,Los Ríos,142,Ranco,14203,Lago Ranco,22,249.0,2.0,"Por causas ajenas a la Agencia, los resultados no son representativos del desempeño de los estudiantes",Observación de puntaje,0,v22025,2026-06-22,4b,2025,True
554,1,ESCUELA DE PELICANA,4,Coquimbo,41,Elqui,4101,La Serena,1,,1.0,"No es posible reportar resultados, porque la cantidad de estudiantes evaluados es insuficiente. (6 o menos)",Observación de puntaje,0,v22025,2026-06-22,4b,2025,False
3694,3,ESCUELA BASICA LLOLLINCO,16,Ñuble,161,Diguillín,16103,Chillán Viejo,1,,1.0,"No es posible reportar resultados, porque la cantidad de estudiantes evaluados es insuficiente. (6 o menos)",Observación de puntaje,0,v22025,2026-06-22,4b,2025,False
20222,3,ESCUELA PARTICULAR INALKO,9,La Araucanía,91,Cautín,9111,Nueva Imperial,1,,1.0,"No es posible reportar resultados, porque la cantidad de estudiantes evaluados es insuficiente. (6 o menos)",Observación de puntaje,0,v22025,2026-06-22,4b,2025,False
25277,8,ESCUELA ESPECIAL SANTIAGO APOSTOL,13,Metropolitana de Santiago,131,Santiago,13101,Santiago,0,,,,Sin alumnos evaluados,1,v22025,2026-06-22,4b,2025,False
1181,9,ESCUELA BASICA LOS ANGELES,5,Valparaíso,54,Petorca,5402,Cabildo,1,,1.0,"No es posible reportar resultados, porque la cantidad de estudiantes evaluados es insuficiente. (6 o menos)",Observación de puntaje,0,v22025,2026-06-22,4b,2025,False
8420,4,ESC. DE CONCENTRACION FRONTERIZA DOROTE,12,Magallanes y de la Antártica Chilena,124,Última Esperanza,12401,Natales,1,,1.0,"No es posible reportar resultados, porque la cantidad de estudiantes evaluados es insuficiente. (6 o menos)",Observación de puntaje,0,v22025,2026-06-22,4b,2025,False
3179,8,ESCUELA BARRANQUILLAS,7,Maule,71,Talca,7102,Constitución,1,,1.0,"No es posible reportar resultados, porque la cantidad de estudiantes evaluados es insuficiente. (6 o menos)",Observación de puntaje,0,v22025,2026-06-22,4b,2025,False
995,4,ESCUELA PARTICULAR CAREN,4,Coquimbo,42,Choapa,4201,Illapel,0,,,,Sin alumnos evaluados,2,v22025,2026-06-22,4b,2025,False
6528,5,ESCUELA BASICA BAJO YUPEHUE,9,La Araucanía,91,Cautín,9102,Carahue,0,,,,Sin alumnos evaluados,2,v22025,2026-06-22,4b,2025,False
2592,5,ESCUELA MUNICIPAL EDUVIGIS PANTOJA L,6,Libertador General Bernardo O'Higgins,63,Colchagua,6304,Lolol,0,,,,Sin alumnos evaluados,2,v22025,2026-06-22,4b,2025,False
6276,6,ESCUELA BASICA MUNICIPAL SAN JUSTO,9,La Araucanía,91,Cautín,9107,Gorbea,1,,1.0,"No es posible reportar resultados, porque la cantidad de estudiantes evaluados es insuficiente. (6 o menos)",Observación de puntaje,0,v22025,2026-06-22,4b,2025,False
5340,6,ESC. BASICA LEONTINA VASQUEZ RIVERA,9,La Araucanía,92,Malleco,9205,Lonquimay,1,,1.0,"No es posible reportar resultados, porque la cantidad de estudiantes evaluados es insuficiente. (6 o menos)",Observación de puntaje,0,v22025,2026-06-22,4b,2025,False
6319,3,ESCUELA ESMERALDA,9,La Araucanía,91,Cautín,9109,Loncoche,1,,1.0,"No es posible reportar resultados, porque la cantidad de estudiantes evaluados es insuficiente. (6 o menos)",Observación de puntaje,0,v22025,2026-06-22,4b,2025,False
5927,7,ESCUELA PARTICULAR CODINHUE,9,La Araucanía,91,Cautín,9119,Vilcún,1,,1.0,"No es posible reportar resultados, porque la cantidad de estudiantes evaluados es insuficiente. (6 o menos)",Observación de puntaje,0,v22025,2026-06-22,4b,2025,False
3783,4,ESCUELAS LAS JUNTAS,16,Ñuble,163,Punilla,16301,San Carlos,1,,1.0,"No es posible reportar resultados, porque la cantidad de estudiantes evaluados es insuficiente. (6 o menos)",Observación de puntaje,0,v22025,2026-06-22,4b,2025,False
6817,9,ESCUELA RURAL ANDRES FRIED KOPP,14,Los Ríos,141,Valdivia,14101,Valdivia,0,,1.0,"No es posible reportar resultados, porque la cantidad de estudiantes evaluados es insuficiente. (6 o menos)",Sin alumnos y con observación de puntaje,0,v22025,2026-06-22,4b,2025,False
843,5,ESCUELA LOS PERALES DE CAMPANARIO,4,Coquimbo,43,Limarí,4303,Monte Patria,1,,1.0,"No es posible reportar resultados, porque la cantidad de estudiantes evaluados es insuficiente. (6 o menos)",Observación de puntaje,0,v22025,2026-06-22,4b,2025,False
5469,0,ESCUELA PARTICULAR LORENZO COLIPI,9,La Araucanía,92,Malleco,9210,Traiguén,0,,,,Sin alumnos evaluados,1,v22025,2026-06-22,4b,2025,False
823,0,ESCUELA BASICA COLLIGUAY,4,Coquimbo,43,Limarí,4303,Monte Patria,1,,1.0,"No es posible reportar resultados, porque la cantidad de estudiantes evaluados es insuficiente. (6 o menos)",Observación de puntaje,0,v22025,2026-06-22,4b,2025,False
24341,8,ESCUELA PAMPA GUANACO,12,Magallanes y de la Antártica Chilena,123,Tierra del Fuego,12303,Timaukel,1,,1.0,"No es posible reportar resultados, porque la cantidad de estudiantes evaluados es insuficiente. (6 o menos)",Observación de puntaje,0,v22025,2026-06-22,4b,2025,False
537,1,COLEGIO LUIS BRAILLE,4,Coquimbo,41,Elqui,4101,La Serena,0,,,,Sin alumnos evaluados,1,v22025,2026-06-22,4b,2025,False
5512,3,ESC.BASICA PINGUIDAHUE,9,La Araucanía,92,Malleco,9208,Purén,1,,1.0,"No es posible reportar resultados, porque la cantidad de estudiantes evaluados es insuficiente. (6 o menos)",Observación de puntaje,0,v22025,2026-06-22,4b,2025,False
7919,7,ESCUELA PARTICULAR N.221 ESTAQUILLA BAJ,10,Los Lagos,101,Llanquihue,10106,Los Muermos,1,,1.0,"No es posible reportar resultados, porque la cantidad de estudiantes evaluados es insuficiente. (6 o menos)",Observación de puntaje,0,v22025,2026-06-22,4b,2025,False
1044,8,ESCUELA PARTICULAR MANQUEHUA,4,Coquimbo,42,Choapa,4204,Salamanca,1,,1.0,"No es posible reportar resultados, porque la cantidad de estudiantes evaluados es insuficiente. (6 o menos)",Observación de puntaje,0,v22025,2026-06-22,4b,2025,False
22269,0,ESCUELA PARTICULAR TRAFUN CHICO,14,Los Ríos,141,Valdivia,14108,Panguipulli,1,,1.0,"No es posible reportar resultados, porque la cantidad de estudiantes evaluados es insuficiente. (6 o menos)",Observación de puntaje,0,v22025,2026-06-22,4b,2025,False
3082,1,ESCUELA SAN DIEGO,7,Maule,71,Talca,7109,San Clemente,1,,1.0,"No es posible reportar resultados, porque la cantidad de estudiantes evaluados es insuficiente. (6 o menos)",Observación de puntaje,0,v22025,2026-06-22,4b,2025,False
8183,3,ESCUELA RURAL AMANECER 2000,10,Los Lagos,102,Chiloé,10210,Quinchao,1,,1.0,"No es posible reportar resultados, porque la cantidad de estudiantes evaluados es insuficiente. (6 o menos)",Observación de puntaje,0,v22025,2026-06-22,4b,2025,False
4433,4,ESCUELA BASICA RAPELCO,8,Biobío,83,Biobío,8305,Mulchén,1,,1.0,"No es posible reportar resultados, porque la cantidad de estudiantes evaluados es insuficiente. (6 o menos)",Observación de puntaje,0,v22025,2026-06-22,4b,2025,False
22100,7,ESCUELA RURAL EL VARAL,10,Los Lagos,104,Palena,10403,Hualaihué,1,,1.0,"No es posible reportar resultados, porque la cantidad de estudiantes evaluados es insuficiente. (6 o menos)",Observación de puntaje,0,v22025,2026-06-22,4b,2025,False
2249,7,COLEGIO LOS LLANOS,6,Libertador General Bernardo O'Higgins,61,Cachapoal,6108,Machalí,28,282.0,2.0,"Por causas ajenas a la Agencia, los resultados no son representativos del desempeño de los estudiantes",Observación de puntaje,0,v22025,2026-06-22,4b,2025,True
8037,3,ESCUELA RURAL LOS ROBLES,10,Los Lagos,102,Chiloé,10201,Castro,1,,1.0,"No es posible reportar resultados, porque la cantidad de estudiantes evaluados es insuficiente. (6 o menos)",Observación de puntaje,0,v22025,2026-06-22,4b,2025,False
5535,2,ESCUELA PARTICULAR LOS DERRAMES,9,La Araucanía,92,Malleco,9208,Purén,0,,,,Sin alumnos evaluados,1,v22025,2026-06-22,4b,2025,False
18170,6,COLEGIO MONTE ÁGUILA COLLEGE,8,Biobío,83,Biobío,8303,Cabrero,16,271.0,2.0,"Por causas ajenas a la Agencia, los resultados no son representativos del desempeño de los estudiantes",Observación de puntaje,0,v22025,2026-06-22,4b,2025,True
7158,7,ESCUELA RURAL CARIMANCA,14,Los Ríos,142,Ranco,14201,La Unión,1,,1.0,"No es posible reportar resultados, porque la cantidad de estudiantes evaluados es insuficiente. (6 o menos)",Observación de puntaje,0,v22025,2026-06-22,4b,2025,False
6076,3,ESCUELA PARTICULAR CABURGUA,9,La Araucanía,91,Cautín,9115,Pucón,1,,1.0,"No es posible reportar resultados, porque la cantidad de estudiantes evaluados es insuficiente. (6 o menos)",Observación de puntaje,0,v22025,2026-06-22,4b,2025,False
6222,7,ESCUELA PARTICULAR SANTA ELENA,9,La Araucanía,91,Cautín,9105,Freire,0,,,,Sin alumnos evaluados,2,v22025,2026-06-22,4b,2025,False
795,1,ESC.BASICA DOMINGO SANTA MARIA GONZALEZ,4,Coquimbo,41,Elqui,4103,Andacollo,1,,1.0,"No es posible reportar resultados, porque la cantidad de estudiantes evaluados es insuficiente. (6 o menos)",Observación de puntaje,0,v22025,2026-06-22,4b,2025,False
22707,2,COLEGIO GILGAL,10,Los Lagos,103,Osorno,10301,Osorno,16,237.0,2.0,"Por causas ajenas a la Agencia, los resultados no son representativos del desempeño de los estudiantes",Observación de puntaje,0,v22025,2026-06-22,4b,2025,True
31054,9,COLEGIO EL LABRADOR,13,Metropolitana de Santiago,134,Maipo,13402,Buin,15,260.0,2.0,"Por causas ajenas a la Agencia, los resultados no son representativos del desempeño de los estudiantes",Observación de puntaje,0,v22025,2026-06-22,4b,2025,True
1101,0,ESCUELA BASICA JOSE MIGUEL CARRERA,4,Coquimbo,42,Choapa,4202,Canela,1,,1.0,"No es posible reportar resultados, porque la cantidad de estudiantes evaluados es insuficiente. (6 o menos)",Observación de puntaje,0,v22025,2026-06-22,4b,2025,False
775,7,ESCUELA BASICA DE FUNDINA,4,Coquimbo,43,Limarí,4305,Río Hurtado,1,,1.0,"No es posible reportar resultados, porque la cantidad de estudiantes evaluados es insuficiente. (6 o menos)",Observación de puntaje,0,v22025,2026-06-22,4b,2025,False
5850,5,ESC. BASICA VISTA HERMOSA,9,La Araucanía,91,Cautín,9108,Lautaro,1,,1.0,"No es posible reportar resultados, porque la cantidad de estudiantes evaluados es insuficiente. (6 o menos)",Observación de puntaje,0,v22025,2026-06-22,4b,2025,False
8157,4,ESCUELA RURAL JOSE MARIA ULLOA SALDIVIA,10,Los Lagos,102,Chiloé,10205,Dalcahue,1,,1.0,"No es posible reportar resultados, porque la cantidad de estudiantes evaluados es insuficiente. (6 o menos)",Observación de puntaje,0,v22025,2026-06-22,4b,2025,False
7616,3,ESCUELA PARTICULAR N.166 MONTE VERDE,10,Los Lagos,103,Osorno,10306,San Juan de la Costa,1,,1.0,"No es posible reportar resultados, porque la cantidad de estudiantes evaluados es insuficiente. (6 o menos)",Observación de puntaje,0,v22025,2026-06-22,4b,2025,False
955,5,ESCUELA VILLA LOS CORRALES,4,Coquimbo,43,Limarí,4304,Punitaqui,1,,1.0,"No es posible reportar resultados, porque la cantidad de estudiantes evaluados es insuficiente. (6 o menos)",Observación de puntaje,0,v22025,2026-06-22,4b,2025,False
1001,4,ESCUELA PARTICULAR HERMINIA RAMOS,4,Coquimbo,42,Choapa,4201,Illapel,1,,1.0,"No es posible reportar resultados, porque la cantidad de estudiantes evaluados es insuficiente. (6 o menos)",Observación de puntaje,0,v22025,2026-06-22,4b,2025,False
6411,4,ESCUELA PUYEHUE,9,La Araucanía,91,Cautín,9117,Teodoro Schmidt,1,,1.0,"No es posible reportar resultados, porque la cantidad de estudiantes evaluados es insuficiente. (6 o menos)",Observación de puntaje,0,v22025,2026-06-22,4b,2025,False
4396,6,ESCUELA BASICA CAMPAMENTO,8,Biobío,83,Biobío,8308,Quilaco,0,,,,Sin alumnos evaluados,1,v22025,2026-06-22,4b,2025,False
8286,4,ESCUELA RURAL SAN ANTONIO,10,Los Lagos,102,Chiloé,10208,Quellón,1,,1.0,"No es posible reportar resultados, porque la cantidad de estudiantes evaluados es insuficiente. (6 o menos)",Observación de puntaje,0,v22025,2026-06-22,4b,2025,False
25206,9,ESC. PART. CHRIST SCHOOL,13,Metropolitana de Santiago,131,Santiago,13119,Maipú,0,,,,Sin alumnos evaluados,1,v22025,2026-06-22,4b,2025,False
2621,2,ESCUELA REBECA CADIZ VALENZUELA,6,Libertador General Bernardo O'Higgins,63,Colchagua,6306,Palmilla,0,,,,Sin alumnos evaluados,2,v22025,2026-06-22,4b,2025,False
3832,6,ESCUELA BASICA FABIAN DE LA FUENTE,16,Ñuble,163,Punilla,16304,San Fabián,1,,1.0,"No es posible reportar resultados, porque la cantidad de estudiantes evaluados es insuficiente. (6 o menos)",Observación de puntaje,0,v22025,2026-06-22,4b,2025,False
4851,8,ESCUELA BASICA BURCA,8,Biobío,81,Concepción,8111,Tomé,0,,,,Sin alumnos evaluados,1,v22025,2026-06-22,4b,2025,False
3852,0,ESCUELA ANIBAL PINTO,16,Ñuble,163,Punilla,16302,Coihueco,1,,1.0,"No es posible reportar resultados, porque la cantidad de estudiantes evaluados es insuficiente. (6 o menos)",Observación de puntaje,0,v22025,2026-06-22,4b,2025,False
978,4,ESCUELA BASICA MATANCILLA,4,Coquimbo,42,Choapa,4201,Illapel,1,,1.0,"No es posible reportar resultados, porque la cantidad de estudiantes evaluados es insuficiente. (6 o menos)",Observación de puntaje,0,v22025,2026-06-22,4b,2025,False
7968,5,ESCUELA RURAL COLIGUAL SAN JUAN,10,Los Lagos,101,Llanquihue,10107,Llanquihue,0,,,,Sin alumnos evaluados,1,v22025,2026-06-22,4b,2025,False
17715,6,ESCUELA ACUMAR,8,Biobío,83,Biobío,8305,Mulchén,1,,1.0,"No es posible reportar resultados, porque la cantidad de estudiantes evaluados es insuficiente. (6 o menos)",Observación de puntaje,0,v22025,2026-06-22,4b,2025,False
7805,0,ESCUELA RURAL PEDRO BARRIENTOS BARRIENT,10,Los Lagos,101,Llanquihue,10102,Calbuco,1,,1.0,"No es posible reportar resultados, porque la cantidad de estudiantes evaluados es insuficiente. (6 o menos)",Observación de puntaje,0,v22025,2026-06-22,4b,2025,False
7141,2,ESCUELA RURAL FOLLECO,14,Los Ríos,142,Ranco,14201,La Unión,1,,1.0,"No es posible reportar resultados, porque la cantidad de estudiantes evaluados es insuficiente. (6 o menos)",Observación de puntaje,0,v22025,2026-06-22,4b,2025,False
6803,9,ESCUELA RURAL CASA BLANCA,14,Los Ríos,141,Valdivia,14101,Valdivia,1,,1.0,"No es posible reportar resultados, porque la cantidad de estudiantes evaluados es insuficiente. (6 o menos)",Observación de puntaje,0,v22025,2026-06-22,4b,2025,False
5080,6,ESCUELA BASICA PEMEREHUE,8,Biobío,82,Arauco,8202,Arauco,0,,1.0,"No es posible reportar resultados, porque la cantidad de estudiantes evaluados es insuficiente. (6 o menos)",Sin alumnos y con observación de puntaje,0,v22025,2026-06-22,4b,2025,False
6972,8,ESCUELA COLEGUAL NUM.32,14,Los Ríos,141,Valdivia,14104,Los Lagos,1,,1.0,"No es posible reportar resultados, porque la cantidad de estudiantes evaluados es insuficiente. (6 o menos)",Observación de puntaje,0,v22025,2026-06-22,4b,2025,False
5103,9,ESCUELA COLICO NORTE,8,Biobío,82,Arauco,8205,Curanilahue,0,,,,Sin alumnos evaluados,1,v22025,2026-06-22,4b,2025,False
8200,7,ESCUELA RURAL SAN AGUSTIN,10,Los Lagos,102,Chiloé,10206,Puqueldón,1,,1.0,"No es posible reportar resultados, porque la cantidad de estudiantes evaluados es insuficiente. (6 o menos)",Observación de puntaje,0,v22025,2026-06-22,4b,2025,False
1004,9,ESCUELA PARTICULAR LA CAPILLA,4,Coquimbo,42,Choapa,4201,Illapel,0,,,,Sin alumnos evaluados,1,v22025,2026-06-22,4b,2025,False
19999,0,ESCUELA PARTICULAR GALLETUE,9,La Araucanía,92,Malleco,9205,Lonquimay,1,,1.0,"No es posible reportar resultados, porque la cantidad de estudiantes evaluados es insuficiente. (6 o menos)",Observación de puntaje,0,v22025,2026-06-22,4b,2025,False
22209,7,ESCUELA RURAL EL LLOLLE,10,Los Lagos,101,Llanquihue,10108,Maullín,1,,1.0,"No es posible reportar resultados, porque la cantidad de estudiantes evaluados es insuficiente. (6 o menos)",Observación de puntaje,0,v22025,2026-06-22,4b,2025,False
4496,2,COLEGIO PARTICULAR SAN MAURICIO,8,Biobío,83,Biobío,8304,Laja,9,286.0,2.0,"Por causas ajenas a la Agencia, los resultados no son representativos del desempeño de los estudiantes",Observación de puntaje,0,v22025,2026-06-22,4b,2025,True
4854,2,ESCUELA BASICA SAN FRANCISCO,8,Biobío,81,Concepción,8111,Tomé,1,,1.0,"No es posible reportar resultados, porque la cantidad de estudiantes evaluados es insuficiente. (6 o menos)",Observación de puntaje,0,v22025,2026-06-22,4b,2025,False
789,7,ESCUELA EL ESPINAL DE RIO HURTADO,4,Coquimbo,43,Limarí,4305,Río Hurtado,0,,,,Sin alumnos evaluados,1,v22025,2026-06-22,4b,2025,False
2604,2,ESCUELA PENABLANCA,6,Libertador General Bernardo O'Higgins,63,Colchagua,6309,Pumanque,1,,1.0,"No es posible reportar resultados, porque la cantidad de estudiantes evaluados es insuficiente. (6 o menos)",Observación de puntaje,0,v22025,2026-06-22,4b,2025,False
25226,3,ESC. PART. SAN FCO. DE ASIS PARA NINOS,13,Metropolitana de Santiago,131,Santiago,13101,Santiago,0,,,,Sin alumnos evaluados,1,v22025,2026-06-22,4b,2025,False
7871,9,ESCUELA PARTICULAR N.211 LAS ENCINAS,10,Los Lagos,101,Llanquihue,10108,Maullín,1,,1.0,"No es posible reportar resultados, porque la cantidad de estudiantes evaluados es insuficiente. (6 o menos)",Observación de puntaje,0,v22025,2026-06-22,4b,2025,False
981,4,ESCUELA BASICA CHOAPA LINDO,4,Coquimbo,42,Choapa,4201,Illapel,1,,1.0,"No es posible reportar resultados, porque la cantidad de estudiantes evaluados es insuficiente. (6 o menos)",Observación de puntaje,0,v22025,2026-06-22,4b,2025,False
248,8,ESCUELA BASICA SAN JOSE,2,Antofagasta,22,El Loa,2201,Calama,1,,1.0,"No es posible reportar resultados, porque la cantidad de estudiantes evaluados es insuficiente. (6 o menos)",Observación de puntaje,0,v22025,2026-06-22,4b,2025,False
689,0,ESCUELA DE VARILLAR,4,Coquimbo,41,Elqui,4106,Vicuña,1,,1.0,"No es posible reportar resultados, porque la cantidad de estudiantes evaluados es insuficiente. (6 o menos)",Observación de puntaje,0,v22025,2026-06-22,4b,2025,False
168,6,ESCUELA CUISAMA,1,Tarapacá,14,Tamarugal,1402,Camiña,1,,1.0,"No es posible reportar resultados, porque la cantidad de estudiantes evaluados es insuficiente. (6 o menos)",Observación de puntaje,0,v22025,2026-06-22,4b,2025,False
8867,6,COLEGIO SAN FRANCISCO DE ASIS,13,Metropolitana de Santiago,131,Santiago,13114,Las Condes,24,270.0,2.0,"Por causas ajenas a la Agencia, los resultados no son representativos del desempeño de los estudiantes",Observación de puntaje,0,v22025,2026-06-22,4b,2025,True
6975,2,ESCUELA PARTICULAR COVADONGA,14,Los Ríos,141,Valdivia,14104,Los Lagos,1,,1.0,"No es posible reportar resultados, porque la cantidad de estudiantes evaluados es insuficiente. (6 o menos)",Observación de puntaje,0,v22025,2026-06-22,4b,2025,False
7453,5,ESCUELA RURAL RADALES,10,Los Lagos,103,Osorno,10304,Puyehue,1,,1.0,"No es posible reportar resultados, porque la cantidad de estudiantes evaluados es insuficiente. (6 o menos)",Observación de puntaje,0,v22025,2026-06-22,4b,2025,False
3125,9,ESCUELA VILLA COBIN,7,Maule,71,Talca,7105,Maule,0,,,,Sin alumnos evaluados,1,v22025,2026-06-22,4b,2025,False
3371,5,ESCUELA PAULA JARAQUEMADA,7,Maule,74,Linares,7403,Longaví,6,222.0,2.0,"Por causas ajenas a la Agencia, los resultados no son representativos del desempeño de los estudiantes",Observación de puntaje,0,v22025,2026-06-22,4b,2025,True
5186,1,ESCUELA PARTICULAR VILLA HERMOSA,8,Biobío,82,Arauco,8204,Contulmo,0,,,,Sin alumnos evaluados,1,v22025,2026-06-22,4b,2025,False
20288,6,COLEGIO EL CASTILLO DE TEMUCO,9,La Araucanía,91,Cautín,9101,Temuco,6,238.0,2.0,"Por causas ajenas a la Agencia, los resultados no son representativos del desempeño de los estudiantes",Observación de puntaje,0,v22025,2026-06-22,4b,2025,True
6225,1,ESCUELA JUAN BTA. CHESTA CH.,9,La Araucanía,91,Cautín,9114,Pitrufquén,14,253.0,2.0,"Por causas ajenas a la Agencia, los resultados no son representativos del desempeño de los estudiantes",Observación de puntaje,0,v22025,2026-06-22,4b,2025,True
749,8,ESCUELA TRANQUE RECOLETA,4,Coquimbo,43,Limarí,4301,Ovalle,1,,1.0,"No es posible reportar resultados, porque la cantidad de estudiantes evaluados es insuficiente. (6 o menos)",Observación de puntaje,0,v22025,2026-06-22,4b,2025,False
8260,0,ESCUELA RURAL QUILEN,10,Los Lagos,102,Chiloé,10208,Quellón,1,,1.0,"No es posible reportar resultados, porque la cantidad de estudiantes evaluados es insuficiente. (6 o menos)",Observación de puntaje,0,v22025,2026-06-22,4b,2025,False
3932,2,ESCUELA MAIPO,16,Ñuble,161,Diguillín,16104,El Carmen,1,,1.0,"No es posible reportar resultados, porque la cantidad de estudiantes evaluados es insuficiente. (6 o menos)",Observación de puntaje,0,v22025,2026-06-22,4b,2025,False
6245,6,ESCUELA EL ESFUERZO,9,La Araucanía,91,Cautín,9114,Pitrufquén,1,,1.0,"No es posible reportar resultados, porque la cantidad de estudiantes evaluados es insuficiente. (6 o menos)",Observación de puntaje,0,v22025,2026-06-22,4b,2025,False
19919,2,ESCUELA PARTICULAR APOCALIPSIS,9,La Araucanía,91,Cautín,9102,Carahue,1,,1.0,"No es posible reportar resultados, porque la cantidad de estudiantes evaluados es insuficiente. (6 o menos)",Observación de puntaje,0,v22025,2026-06-22,4b,2025,False
6214,6,ESCUELA PARTICULAR RENACER,9,La Araucanía,91,Cautín,9111,Nueva Imperial,0,,,,Sin alumnos evaluados,1,v22025,2026-06-22,4b,2025,False
2633,6,ESCUELA MARTA VALDES ECHEÑIQUE,6,Libertador General Bernardo O'Higgins,63,Colchagua,6307,Peralillo,1,,1.0,"No es posible reportar resultados, porque la cantidad de estudiantes evaluados es insuficiente. (6 o menos)",Observación de puntaje,0,v22025,2026-06-22,4b,2025,False
5504,2,ESCUELA PARTICULAR CALBUCO,9,La Araucanía,92,Malleco,9207,Lumaco,1,,1.0,"No es posible reportar resultados, porque la cantidad de estudiantes evaluados es insuficiente. (6 o menos)",Observación de puntaje,0,v22025,2026-06-22,4b,2025,False
4940,9,ESCUELA CURAMAVIDA,8,Biobío,81,Concepción,8109,Santa Juana,1,,1.0,"No es posible reportar resultados, porque la cantidad de estudiantes evaluados es insuficiente. (6 o menos)",Observación de puntaje,0,v22025,2026-06-22,4b,2025,False
22112,0,ESCUELA RURAL PUNTA WHITE,10,Los Lagos,102,Chiloé,10208,Quellón,1,,1.0,"No es posible reportar resultados, porque la cantidad de estudiantes evaluados es insuficiente. (6 o menos)",Observación de puntaje,0,v22025,2026-06-22,4b,2025,False
5381,3,ESC. ASENTAMIENTO PABLO NERUDA,9,La Araucanía,92,Malleco,9204,Ercilla,0,,,,Sin alumnos evaluados,2,v22025,2026-06-22,4b,2025,False
864,8,ESCUELA BASICA VIOLETA PARRA SANDOVAL,4,Coquimbo,43,Limarí,4302,Combarbalá,1,,1.0,"No es posible reportar resultados, porque la cantidad de estudiantes evaluados es insuficiente. (6 o menos)",Observación de puntaje,0,v22025,2026-06-22,4b,2025,False
6022,4,ESCUELA PARTICULAR LA SUERTE,9,La Araucanía,91,Cautín,9110,Melipeuco,1,,1.0,"No es posible reportar resultados, porque la cantidad de estudiantes evaluados es insuficiente. (6 o menos)",Observación de puntaje,0,v22025,2026-06-22,4b,2025,False
4502,0,ESCUELA BASICA TURQUIA,8,Biobío,83,Biobío,8310,San Rosendo,1,,1.0,"No es posible reportar resultados, porque la cantidad de estudiantes evaluados es insuficiente. (6 o menos)",Observación de puntaje,0,v22025,2026-06-22,4b,2025,False
4107,6,ESCUELA BASICA SANTA CAROLINA,16,Ñuble,162,Itata,16201,Quirihue,1,,1.0,"No es posible reportar resultados, porque la cantidad de estudiantes evaluados es insuficiente. (6 o menos)",Observación de puntaje,0,v22025,2026-06-22,4b,2025,False
4402,4,ESCUELA BASICA LONCOPANGUE,8,Biobío,83,Biobío,8308,Quilaco,0,,,,Sin alumnos evaluados,1,v22025,2026-06-22,4b,2025,False
3320,0,ESCUELA BERNARDO OHIGGINS,7,Maule,74,Linares,7408,Yerbas Buenas,0,,,,Sin alumnos evaluados,1,v22025,2026-06-22,4b,2025,False
22092,2,ESCUELA PARTICULAR LOS HALCONES,10,Los Lagos,104,Palena,10403,Hualaihué,1,,1.0,"No es posible reportar resultados, porque la cantidad de estudiantes evaluados es insuficiente. (6 o menos)",Observación de puntaje,0,v22025,2026-06-22,4b,2025,False
844,3,ESCUELA PARTICULAR CERRILLOS DE RAPEL,4,Coquimbo,43,Limarí,4303,Monte Patria,1,,1.0,"No es posible reportar resultados, porque la cantidad de estudiantes evaluados es insuficiente. (6 o menos)",Observación de puntaje,0,v22025,2026-06-22,4b,2025,False
3904,7,ESCUELA LOURDES,16,Ñuble,161,Diguillín,16108,San Ignacio,1,,1.0,"No es posible reportar resultados, porque la cantidad de estudiantes evaluados es insuficiente. (6 o menos)",Observación de puntaje,0,v22025,2026-06-22,4b,2025,False
3523,8,ESCUELA CARLOS CONDELL,7,Maule,74,Linares,7406,San Javier,1,,1.0,"No es posible reportar resultados, porque la cantidad de estudiantes evaluados es insuficiente. (6 o menos)",Observación de puntaje,0,v22025,2026-06-22,4b,2025,False
8149,3,ESCUELA RURAL CARIHUEICO,10,Los Lagos,102,Chiloé,10205,Dalcahue,1,,1.0,"No es posible reportar resultados, porque la cantidad de estudiantes evaluados es insuficiente. (6 o menos)",Observación de puntaje,0,v22025,2026-06-22,4b,2025,False
7316,4,ESCUELA PARTICULAR POCURA,14,Los Ríos,142,Ranco,14203,Lago Ranco,0,,,,Sin alumnos evaluados,1,v22025,2026-06-22,4b,2025,False
887,7,ESCUELA BASICA CAUPOLICAN,4,Coquimbo,43,Limarí,4302,Combarbalá,1,,1.0,"No es posible reportar resultados, porque la cantidad de estudiantes evaluados es insuficiente. (6 o menos)",Observación de puntaje,0,v22025,2026-06-22,4b,2025,False
22527,4,CENTRO EDUCACIONAL SAN SEBASTIAN,14,Los Ríos,141,Valdivia,14108,Panguipulli,47,278.0,2.0,"Por causas ajenas a la Agencia, los resultados no son representativos del desempeño de los estudiantes",Observación de puntaje,0,v22025,2026-06-22,4b,2025,True
8163,9,ESCUELA RURAL CHULLEC,10,Los Lagos,102,Chiloé,10204,Curaco de Vélez,1,,1.0,"No es posible reportar resultados, porque la cantidad de estudiantes evaluados es insuficiente. (6 o menos)",Observación de puntaje,0,v22025,2026-06-22,4b,2025,False
8372,0,ESCUELA RURAL CON INTERNADO LA TAPERA,11,Aysén del General Carlos Ibáñez del Campo,111,Coyhaique,11102,Lago Verde,0,,,,Sin alumnos evaluados,1,v22025,2026-06-22,4b,2025,False
8226,0,ESCUELA RURAL QUINCHED,10,Los Lagos,102,Chiloé,10203,Chonchi,1,,1.0,"No es posible reportar resultados, porque la cantidad de estudiantes evaluados es insuficiente. (6 o menos)",Observación de puntaje,0,v22025,2026-06-22,4b,2025,False
755,2,ESCUELA CANELILLA,4,Coquimbo,43,Limarí,4301,Ovalle,0,,,,Sin alumnos evaluados,1,v22025,2026-06-22,4b,2025,False
4064,9,ESCUELA MEIPO,16,Ñuble,162,Itata,16203,Coelemu,1,,1.0,"No es posible reportar resultados, porque la cantidad de estudiantes evaluados es insuficiente. (6 o menos)",Observación de puntaje,0,v22025,2026-06-22,4b,2025,False
9128,6,ESCUELA DE ED.DIFERENCIAL HELLEN KELLER,13,Metropolitana de Santiago,131,Santiago,13120,Ñuñoa,0,,,,Sin alumnos evaluados,1,v22025,2026-06-22,4b,2025,False
1010,3,ESCUELA PARTICULAR CUYUNTAGUA,4,Coquimbo,42,Choapa,4201,Illapel,1,,1.0,"No es posible reportar resultados, porque la cantidad de estudiantes evaluados es insuficiente. (6 o menos)",Observación de puntaje,0,v22025,2026-06-22,4b,2025,False
4067,3,ESCUELA SANTA FILOMENA,16,Ñuble,162,Itata,16203,Coelemu,1,,1.0,"No es posible reportar resultados, porque la cantidad de estudiantes evaluados es insuficiente. (6 o menos)",Observación de puntaje,0,v22025,2026-06-22,4b,2025,False
4777,5,ESCUELA PARTICULAR ESMERALDA,8,Biobío,81,Concepción,8110,Talcahuano,1,,1.0,"No es posible reportar resultados, porque la cantidad de estudiantes evaluados es insuficiente. (6 o menos)",Observación de puntaje,0,v22025,2026-06-22,4b,2025,False
3377,4,ESCUELA MANUEL ROZAS ARISTIA,7,Maule,74,Linares,7403,Longaví,1,,1.0,"No es posible reportar resultados, porque la cantidad de estudiantes evaluados es insuficiente. (6 o menos)",Observación de puntaje,0,v22025,2026-06-22,4b,2025,False
5212,4,ESCUELA PARTICULAR NUEVA LAS HUELLAS,8,Biobío,82,Arauco,8207,Tirúa,1,,1.0,"No es posible reportar resultados, porque la cantidad de estudiantes evaluados es insuficiente. (6 o menos)",Observación de puntaje,0,v22025,2026-06-22,4b,2025,False
6208,1,REDUCCIÓN PAINEMIL,9,La Araucanía,91,Cautín,9105,Freire,0,,1.0,"No es posible reportar resultados, porque la cantidad de estudiantes evaluados es insuficiente. (6 o menos)",Sin alumnos y con observación de puntaje,0,v22025,2026-06-22,4b,2025,False
6400,9,ESCUELA ISLA LLICAN,9,La Araucanía,91,Cautín,9117,Teodoro Schmidt,1,,1.0,"No es posible reportar resultados, porque la cantidad de estudiantes evaluados es insuficiente. (6 o menos)",Observación de puntaje,0,v22025,2026-06-22,4b,2025,False
4628,0,ESCUELA PARTICULAR PRESIDENTE GABRIEL G,8,Biobío,81,Concepción,8103,Chiguayante,0,,,,Sin alumnos evaluados,1,v22025,2026-06-22,4b,2025,False
6546,3,ESCUELA SAN CARLOS LLUFQUENTÚE,9,La Araucanía,91,Cautín,9106,Galvarino,0,,,,Sin alumnos evaluados,1,v22025,2026-06-22,4b,2025,False
735,8,ESCUELA LA QUIROGA,4,Coquimbo,43,Limarí,4301,Ovalle,1,,1.0,"No es posible reportar resultados, porque la cantidad de estudiantes evaluados es insuficiente. (6 o menos)",Observación de puntaje,0,v22025,2026-06-22,4b,2025,False
94,9,ESCUELA GUACOYO,15,Arica y Parinacota,152,Parinacota,15202,General Lagos,0,,,,Sin alumnos evaluados,1,v22025,2026-06-22,4b,2025,False
758,7,ESCUELA CORDILLERA,4,Coquimbo,43,Limarí,4301,Ovalle,1,,1.0,"No es posible reportar resultados, porque la cantidad de estudiantes evaluados es insuficiente. (6 o menos)",Observación de puntaje,0,v22025,2026-06-22,4b,2025,False
6523,4,ESCUELA BASICA CHOMIO,9,La Araucanía,91,Cautín,9102,Carahue,1,,1.0,"No es posible reportar resultados, porque la cantidad de estudiantes evaluados es insuficiente. (6 o menos)",Observación de puntaje,0,v22025,2026-06-22,4b,2025,False
3483,5,ESCUELA GERONIMO LAGOS LISBOA,7,Maule,74,Linares,7406,San Javier,28,260.0,2.0,"Por causas ajenas a la Agencia, los resultados no son representativos del desempeño de los estudiantes",Observación de puntaje,0,v22025,2026-06-22,4b,2025,True
12311,0,CTRO ESTUDIOS CAPACITACION PARA SORDOS,5,Valparaíso,51,Valparaíso,5101,Valparaíso,0,,,,Sin alumnos evaluados,1,v22025,2026-06-22,4b,2025,False
3088,0,ESCUELA VILCHES ALTO,7,Maule,71,Talca,7109,San Clemente,1,,1.0,"No es posible reportar resultados, porque la cantidad de estudiantes evaluados es insuficiente. (6 o menos)",Observación de puntaje,0,v22025,2026-06-22,4b,2025,False
3506,8,ESCUELA INES DE SUAREZ,7,Maule,74,Linares,7406,San Javier,1,,1.0,"No es posible reportar resultados, porque la cantidad de estudiantes evaluados es insuficiente. (6 o menos)",Observación de puntaje,0,v22025,2026-06-22,4b,2025,False
4193,9,ESCUELA BASICA LOS MOLINOS,8,Biobío,83,Biobío,8301,Los Ángeles,0,,,,Sin alumnos evaluados,2,v22025,2026-06-22,4b,2025,False
6623,0,ESCUELA ARENAS BLANCAS,9,La Araucanía,91,Cautín,9111,Nueva Imperial,1,,1.0,"No es posible reportar resultados, porque la cantidad de estudiantes evaluados es insuficiente. (6 o menos)",Observación de puntaje,0,v22025,2026-06-22,4b,2025,False
11578,9,ESCUELA PARTICULAR N.300 YUSTE,10,Los Lagos,102,Chiloé,10202,Ancud,0,,,,Sin alumnos evaluados,2,v22025,2026-06-22,4b,2025,False
1153,3,ESCUELA BASICA EL CRUCERO,5,Valparaíso,54,Petorca,5404,Petorca,1,,1.0,"No es posible reportar resultados, porque la cantidad de estudiantes evaluados es insuficiente. (6 o menos)",Observación de puntaje,0,v22025,2026-06-22,4b,2025,False
7648,1,ESCUELA MARCELA PAZ,10,Los Lagos,101,Llanquihue,10101,Puerto Montt,7,266.0,2.0,"Por causas ajenas a la Agencia, los resultados no son representativos del desempeño de los estudiantes",Observación de puntaje,0,v22025,2026-06-22,4b,2025,True
22613,0,ESCUELA PARTICULAR CRECER,14,Los Ríos,142,Ranco,14201,La Unión,1,,1.0,"No es posible reportar resultados, porque la cantidad de estudiantes evaluados es insuficiente. (6 o menos)",Observación de puntaje,0,v22025,2026-06-22,4b,2025,False
7436,5,ESCUELA PARTICULAR N.145 QUITRA QUITRA,10,Los Lagos,103,Osorno,10307,San Pablo,1,,1.0,"No es posible reportar resultados, porque la cantidad de estudiantes evaluados es insuficiente. (6 o menos)",Observación de puntaje,0,v22025,2026-06-22,4b,2025,False
4731,7,ESCUELA BÁSICA CRISTÓBAL COLÓN,8,Biobío,81,Concepción,8112,Hualpén,8,231.0,2.0,"Por causas ajenas a la Agencia, los resultados no son representativos del desempeño de los estudiantes",Observación de puntaje,0,v22025,2026-06-22,4b,2025,True
4090,8,ESCUELA BASICA COLMUYAO,16,Ñuble,162,Itata,16202,Cobquecura,0,,,,Sin alumnos evaluados,3,v22025,2026-06-22,4b,2025,False
26171,8,"ESCUELA BASICA N° 2150, COLEGIO MOUNIER",13,Metropolitana de Santiago,131,Santiago,13114,Las Condes,1,,1.0,"No es posible reportar resultados, porque la cantidad de estudiantes evaluados es insuficiente. (6 o menos)",Observación de puntaje,0,v22025,2026-06-22,4b,2025,False
6626,5,ESC. BASICA RUCAPANGUE,9,La Araucanía,91,Cautín,9121,Cholchol,1,,1.0,"No es posible reportar resultados, porque la cantidad de estudiantes evaluados es insuficiente. (6 o menos)",Observación de puntaje,0,v22025,2026-06-22,4b,2025,False
5985,4,ESCUELA LA MANANA,9,La Araucanía,91,Cautín,9103,Cunco,1,,1.0,"No es posible reportar resultados, porque la cantidad de estudiantes evaluados es insuficiente. (6 o menos)",Observación de puntaje,0,v22025,2026-06-22,4b,2025,False
3898,9,ESCUELA SANTA JUANA,16,Ñuble,161,Diguillín,16108,San Ignacio,1,,1.0,"No es posible reportar resultados, porque la cantidad de estudiantes evaluados es insuficiente. (6 o menos)",Observación de puntaje,0,v22025,2026-06-22,4b,2025,False
91,4,ESCUELA COSAPILLA,15,Arica y Parinacota,152,Parinacota,15202,General Lagos,1,,1.0,"No es posible reportar resultados, porque la cantidad de estudiantes evaluados es insuficiente. (6 o menos)",Observación de puntaje,0,v22025,2026-06-22,4b,2025,False
8269,4,ESCUELA RURAL LASTENIA OYARZUN ANDRADE,10,Los Lagos,102,Chiloé,10208,Quellón,1,,1.0,"No es posible reportar resultados, porque la cantidad de estudiantes evaluados es insuficiente. (6 o menos)",Observación de puntaje,0,v22025,2026-06-22,4b,2025,False
8020,9,ESCUELA RURAL PAUL HARRIS,10,Los Lagos,102,Chiloé,10201,Castro,1,,1.0,"No es posible reportar resultados, porque la cantidad de estudiantes evaluados es insuficiente. (6 o menos)",Observación de puntaje,0,v22025,2026-06-22,4b,2025,False
5756,8,ESCUELA PARTICULAR RENGALIL,9,La Araucanía,91,Cautín,9101,Temuco,7,253.0,2.0,"Por causas ajenas a la Agencia, los resultados no son representativos del desempeño de los estudiantes",Observación de puntaje,0,v22025,2026-06-22,4b,2025,True
25544,0,ESC. ESP. Y BAS. FRANCES DE LA PINTANA,13,Metropolitana de Santiago,131,Santiago,13112,La Pintana,23,216.0,2.0,"Por causas ajenas a la Agencia, los resultados no son representativos del desempeño de los estudiantes",Observación de puntaje,0,v22025,2026-06-22,4b,2025,True
5524,7,ESC. BASICA EL LINGUE,9,La Araucanía,92,Malleco,9208,Purén,1,,1.0,"No es posible reportar resultados, porque la cantidad de estudiantes evaluados es insuficiente. (6 o menos)",Observación de puntaje,0,v22025,2026-06-22,4b,2025,False
10439,6,ESCUELA BASICA G-N°348,13,Metropolitana de Santiago,133,Chacabuco,13303,Tiltil,1,,1.0,"No es posible reportar resultados, porque la cantidad de estudiantes evaluados es insuficiente. (6 o menos)",Observación de puntaje,0,v22025,2026-06-22,4b,2025,False
22690,4,COLEGIO AYTUE,10,Los Lagos,102,Chiloé,10202,Ancud,1,,1.0,"No es posible reportar resultados, porque la cantidad de estudiantes evaluados es insuficiente. (6 o menos)",Observación de puntaje,0,v22025,2026-06-22,4b,2025,False
8295,3,ESCUELA RURAL CHUIT,10,Los Lagos,104,Palena,10401,Chaitén,1,,1.0,"No es posible reportar resultados, porque la cantidad de estudiantes evaluados es insuficiente. (6 o menos)",Observación de puntaje,0,v22025,2026-06-22,4b,2025,False
7359,8,ESCUELA RURAL TRINQUICAHUIN,10,Los Lagos,103,Osorno,10301,Osorno,1,,1.0,"No es posible reportar resultados, porque la cantidad de estudiantes evaluados es insuficiente. (6 o menos)",Observación de puntaje,0,v22025,2026-06-22,4b,2025,False
9122,7,ESCUELA JULIO MONTT SALAMANCA,13,Metropolitana de Santiago,131,Santiago,13118,Macul,39,282.0,2.0,"Por causas ajenas a la Agencia, los resultados no son representativos del desempeño de los estudiantes",Observación de puntaje,0,v22025,2026-06-22,4b,2025,True
8186,8,ESCUELA RURAL LOS PINOS,10,Los Lagos,102,Chiloé,10210,Quinchao,1,,1.0,"No es posible reportar resultados, porque la cantidad de estudiantes evaluados es insuficiente. (6 o menos)",Observación de puntaje,0,v22025,2026-06-22,4b,2025,False
4210,2,ESCUELA BASICA COYANCO,8,Biobío,83,Biobío,8301,Los Ángeles,1,,1.0,"No es posible reportar resultados, porque la cantidad de estudiantes evaluados es insuficiente. (6 o menos)",Observación de puntaje,0,v22025,2026-06-22,4b,2025,False
1176,2,ESCUELA PABLO NERUDA,5,Valparaíso,54,Petorca,5402,Cabildo,1,,1.0,"No es posible reportar resultados, porque la cantidad de estudiantes evaluados es insuficiente. (6 o menos)",Observación de puntaje,0,v22025,2026-06-22,4b,2025,False
4877,1,ESCUELA BASICA PONEN,8,Biobío,81,Concepción,8104,Florida,0,,,,Sin alumnos evaluados,1,v22025,2026-06-22,4b,2025,False
9311,4,COLEGIO PARTICULAR ISLA WELLINGTON,13,Metropolitana de Santiago,131,Santiago,13110,La Florida,0,,,,Sin alumnos evaluados,1,v22025,2026-06-22,4b,2025,False
5069,5,ESCUELA BASICA ALTO YANI,8,Biobío,82,Arauco,8202,Arauco,1,,1.0,"No es posible reportar resultados, porque la cantidad de estudiantes evaluados es insuficiente. (6 o menos)",Observación de puntaje,0,v22025,2026-06-22,4b,2025,False
1239,4,ESCUELA HERMANO FERNANDO DE LA FUENTE,5,Valparaíso,53,Los Andes,5304,San Esteban,1,,1.0,"No es posible reportar resultados, porque la cantidad de estudiantes evaluados es insuficiente. (6 o menos)",Observación de puntaje,0,v22025,2026-06-22,4b,2025,False
6151,4,ESCUELA PARTICULAR PUENTE BASA,9,La Araucanía,91,Cautín,9104,Curarrehue,1,,1.0,"No es posible reportar resultados, porque la cantidad de estudiantes evaluados es insuficiente. (6 o menos)",Observación de puntaje,0,v22025,2026-06-22,4b,2025,False
4920,4,ESCUELA SAN NICANOR,8,Biobío,81,Concepción,8105,Hualqui,1,,1.0,"No es posible reportar resultados, porque la cantidad de estudiantes evaluados es insuficiente. (6 o menos)",Observación de puntaje,0,v22025,2026-06-22,4b,2025,False
984,9,ESCUELA BASICA TUNGA SUR,4,Coquimbo,42,Choapa,4201,Illapel,1,,1.0,"No es posible reportar resultados, porque la cantidad de estudiantes evaluados es insuficiente. (6 o menos)",Observación de puntaje,0,v22025,2026-06-22,4b,2025,False
5550,6,ESCUELA BASICA VILLA TRINTE,9,La Araucanía,92,Malleco,9206,Los Sauces,1,,1.0,"No es posible reportar resultados, porque la cantidad de estudiantes evaluados es insuficiente. (6 o menos)",Observación de puntaje,0,v22025,2026-06-22,4b,2025,False
4391,5,ESCUELA EL CASTILLO,8,Biobío,83,Biobío,8311,Santa Bárbara,1,,1.0,"No es posible reportar resultados, porque la cantidad de estudiantes evaluados es insuficiente. (6 o menos)",Observación de puntaje,0,v22025,2026-06-22,4b,2025,False
956,3,ESCUELA PORTEZUELOS BLANCOS,4,Coquimbo,43,Limarí,4304,Punitaqui,1,,1.0,"No es posible reportar resultados, porque la cantidad de estudiantes evaluados es insuficiente. (6 o menos)",Observación de puntaje,0,v22025,2026-06-22,4b,2025,False
7262,1,ESCUELA RURAL PISU-PISUE,14,Los Ríos,142,Ranco,14204,Río Bueno,1,,1.0,"No es posible reportar resultados, porque la cantidad de estudiantes evaluados es insuficiente. (6 o menos)",Observación de puntaje,0,v22025,2026-06-22,4b,2025,False
2725,1,ESCUELA MUNICIPAL LO VALDIVIA,6,Libertador General Bernardo O'Higgins,62,Cardenal Caro,6206,Paredones,1,,1.0,"No es posible reportar resultados, porque la cantidad de estudiantes evaluados es insuficiente. (6 o menos)",Observación de puntaje,0,v22025,2026-06-22,4b,2025,False
3366,9,ESCUELA CARLOS MONTERO JARAMILLO,7,Maule,74,Linares,7403,Longaví,1,,1.0,"No es posible reportar resultados, porque la cantidad de estudiantes evaluados es insuficiente. (6 o menos)",Observación de puntaje,0,v22025,2026-06-22,4b,2025,False
7677,5,ESCUELA RURAL METRI,10,Los Lagos,101,Llanquihue,10101,Puerto Montt,1,,1.0,"No es posible reportar resultados, porque la cantidad de estudiantes evaluados es insuficiente. (6 o menos)",Observación de puntaje,0,v22025,2026-06-22,4b,2025,False
5258,2,ESCUELA BASICA CHACAICO,9,La Araucanía,92,Malleco,9201,Angol,1,,1.0,"No es posible reportar resultados, porque la cantidad de estudiantes evaluados es insuficiente. (6 o menos)",Observación de puntaje,0,v22025,2026-06-22,4b,2025,False
8318,6,ESCUELA RURAL QUILDACO BAJO,10,Los Lagos,104,Palena,10403,Hualaihué,0,,,,Sin alumnos evaluados,2,v22025,2026-06-22,4b,2025,False
787,0,ESCUELA BASICA MORRILLOS,4,Coquimbo,43,Limarí,4305,Río Hurtado,1,,1.0,"No es posible reportar resultados, porque la cantidad de estudiantes evaluados es insuficiente. (6 o menos)",Observación de puntaje,0,v22025,2026-06-22,4b,2025,False
2410,4,ESCUELA MUNICIPAL EL RULO,6,Libertador General Bernardo O'Higgins,61,Cachapoal,6103,Coinco,5,269.0,2.0,"Por causas ajenas a la Agencia, los resultados no son representativos del desempeño de los estudiantes",Observación de puntaje,0,v22025,2026-06-22,4b,2025,True
1139,8,ESCUELA MINISTRO GOMEZ MILLAS,5,Valparaíso,54,Petorca,5401,La Ligua,1,,1.0,"No es posible reportar resultados, porque la cantidad de estudiantes evaluados es insuficiente. (6 o menos)",Observación de puntaje,0,v22025,2026-06-22,4b,2025,False
24617,4,ESCUELA BÁSICA N°62 SANTA JULIA,13,Metropolitana de Santiago,135,Melipilla,13501,Melipilla,0,,,,Sin alumnos evaluados,1,v22025,2026-06-22,4b,2025,False
7282,6,ESCUELA PARTICULAR NUEVA LUMACO,14,Los Ríos,142,Ranco,14204,Río Bueno,1,,1.0,"No es posible reportar resultados, porque la cantidad de estudiantes evaluados es insuficiente. (6 o menos)",Observación de puntaje,0,v22025,2026-06-22,4b,2025,False
6595,1,ESCUELA BASICA RAYEN RUNGI,9,La Araucanía,91,Cautín,9121,Cholchol,1,,1.0,"No es posible reportar resultados, porque la cantidad de estudiantes evaluados es insuficiente. (6 o menos)",Observación de puntaje,0,v22025,2026-06-22,4b,2025,False
830,3,ESCUELA MARCELA PAZ,4,Coquimbo,43,Limarí,4303,Monte Patria,1,,1.0,"No es posible reportar resultados, porque la cantidad de estudiantes evaluados es insuficiente. (6 o menos)",Observación de puntaje,0,v22025,2026-06-22,4b,2025,False
5785,1,ESCUELA PARTICULAR SAN MATEO,9,La Araucanía,91,Cautín,9101,Temuco,1,,1.0,"No es posible reportar resultados, porque la cantidad de estudiantes evaluados es insuficiente. (6 o menos)",Observación de puntaje,0,v22025,2026-06-22,4b,2025,False
6117,4,ESCUELA PARTICULAR NANCUL,9,La Araucanía,91,Cautín,9120,Villarrica,1,,1.0,"No es posible reportar resultados, porque la cantidad de estudiantes evaluados es insuficiente. (6 o menos)",Observación de puntaje,0,v22025,2026-06-22,4b,2025,False
6804,7,ESCUELA RURAL LOS GUINDOS,14,Los Ríos,141,Valdivia,14101,Valdivia,1,,1.0,"No es posible reportar resultados, porque la cantidad de estudiantes evaluados es insuficiente. (6 o menos)",Observación de puntaje,0,v22025,2026-06-22,4b,2025,False
6549,8,ESCUELA PARTICULAR COLONIA LAS NOCHAS,9,La Araucanía,91,Cautín,9102,Carahue,0,,,,Sin alumnos evaluados,1,v22025,2026-06-22,4b,2025,False
2350,7,ESCUELA SAN ALBERTO DE IDAHUE,6,Libertador General Bernardo O'Higgins,61,Cachapoal,6117,San Vicente,1,,1.0,"No es posible reportar resultados, porque la cantidad de estudiantes evaluados es insuficiente. (6 o menos)",Observación de puntaje,0,v22025,2026-06-22,4b,2025,False
5639,1,ESCUELA LIRCAY,9,La Araucanía,91,Cautín,9101,Temuco,1,,1.0,"No es posible reportar resultados, porque la cantidad de estudiantes evaluados es insuficiente. (6 o menos)",Observación de puntaje,0,v22025,2026-06-22,4b,2025,False
11590,8,ESCUELA RURAL SAN PEDRO,10,Los Lagos,102,Chiloé,10205,Dalcahue,1,,1.0,"No es posible reportar resultados, porque la cantidad de estudiantes evaluados es insuficiente. (6 o menos)",Observación de puntaje,0,v22025,2026-06-22,4b,2025,False
8341,0,ESCUELA RURAL FRONTERIZA,10,Los Lagos,104,Palena,10404,Palena,1,,1.0,"No es posible reportar resultados, porque la cantidad de estudiantes evaluados es insuficiente. (6 o menos)",Observación de puntaje,0,v22025,2026-06-22,4b,2025,False
3515,7,ESCUELA RAMON CARNICER,7,Maule,74,Linares,7406,San Javier,1,,1.0,"No es posible reportar resultados, porque la cantidad de estudiantes evaluados es insuficiente. (6 o menos)",Observación de puntaje,0,v22025,2026-06-22,4b,2025,False
3369,3,ESCUELA ROBERTO MUNOZ VALDES,7,Maule,74,Linares,7403,Longaví,1,,1.0,"No es posible reportar resultados, porque la cantidad de estudiantes evaluados es insuficiente. (6 o menos)",Observación de puntaje,0,v22025,2026-06-22,4b,2025,False
3452,5,ESCUELA PATRICIO LARRAIN VALENZUELA,7,Maule,74,Linares,7405,Retiro,1,,1.0,"No es posible reportar resultados, porque la cantidad de estudiantes evaluados es insuficiente. (6 o menos)",Observación de puntaje,0,v22025,2026-06-22,4b,2025,False
11418,9,ESCUELA LOS QUIQUES,8,Biobío,81,Concepción,8109,Santa Juana,1,,1.0,"No es posible reportar resultados, porque la cantidad de estudiantes evaluados es insuficiente. (6 o menos)",Observación de puntaje,0,v22025,2026-06-22,4b,2025,False
5490,9,ESC. BASICA COMUDE,9,La Araucanía,92,Malleco,9207,Lumaco,1,,1.0,"No es posible reportar resultados, porque la cantidad de estudiantes evaluados es insuficiente. (6 o menos)",Observación de puntaje,0,v22025,2026-06-22,4b,2025,False
727,7,ESCUELA LA PALOMA,4,Coquimbo,43,Limarí,4301,Ovalle,1,,1.0,"No es posible reportar resultados, porque la cantidad de estudiantes evaluados es insuficiente. (6 o menos)",Observación de puntaje,0,v22025,2026-06-22,4b,2025,False
6157,3,ESCUELA PARTICULAR VIRGEN CANDELARIA,9,La Araucanía,91,Cautín,9120,Villarrica,1,,1.0,"No es posible reportar resultados, porque la cantidad de estudiantes evaluados es insuficiente. (6 o menos)",Observación de puntaje,0,v22025,2026-06-22,4b,2025,False
4514,4,ESCUELA MUNICIPAL RERE,8,Biobío,83,Biobío,8313,Yumbel,1,,1.0,"No es posible reportar resultados, porque la cantidad de estudiantes evaluados es insuficiente. (6 o menos)",Observación de puntaje,0,v22025,2026-06-22,4b,2025,False
6506,4,ESCUELA MUNICIPAL DINAMARCA,9,La Araucanía,91,Cautín,9102,Carahue,0,,1.0,"No es posible reportar resultados, porque la cantidad de estudiantes evaluados es insuficiente. (6 o menos)",Sin alumnos y con observación de puntaje,0,v22025,2026-06-22,4b,2025,False
6529,3,ESCUELA BASICA MATTE Y SANCHEZ,9,La Araucanía,91,Cautín,9102,Carahue,1,,1.0,"No es posible reportar resultados, porque la cantidad de estudiantes evaluados es insuficiente. (6 o menos)",Observación de puntaje,0,v22025,2026-06-22,4b,2025,False
7239,7,ESCUELA BASICA SAN JOSE DE FILUCO,14,Los Ríos,142,Ranco,14204,Río Bueno,1,,1.0,"No es posible reportar resultados, porque la cantidad de estudiantes evaluados es insuficiente. (6 o menos)",Observación de puntaje,0,v22025,2026-06-22,4b,2025,False
6741,5,ESCUELA PARTICULAR EL PROGRESO,9,La Araucanía,91,Cautín,9106,Galvarino,0,,,,Sin alumnos evaluados,1,v22025,2026-06-22,4b,2025,False
1076,6,ESCUELA PARTICULAR MAIMALICAN,4,Coquimbo,42,Choapa,4203,Los Vilos,0,,,,Sin alumnos evaluados,1,v22025,2026-06-22,4b,2025,False
3346,4,ESCUELA SANTA ELENA,7,Maule,74,Linares,7402,Colbún,1,,1.0,"No es posible reportar resultados, porque la cantidad de estudiantes evaluados es insuficiente. (6 o menos)",Observación de puntaje,0,v22025,2026-06-22,4b,2025,False
950,4,ESCUELA LA CEBADAS,4,Coquimbo,43,Limarí,4301,Ovalle,1,,1.0,"No es posible reportar resultados, porque la cantidad de estudiantes evaluados es insuficiente. (6 o menos)",Observación de puntaje,0,v22025,2026-06-22,4b,2025,False
5195,0,ESCUELA CERRO NEGRO,8,Biobío,82,Arauco,8207,Tirúa,1,,1.0,"No es posible reportar resultados, porque la cantidad de estudiantes evaluados es insuficiente. (6 o menos)",Observación de puntaje,0,v22025,2026-06-22,4b,2025,False
186,4,ESCUELA BASICA ENQUELGA,1,Tarapacá,14,Tamarugal,1403,Colchane,0,,,,Sin alumnos evaluados,1,v22025,2026-06-22,4b,2025,False
40203,6,COLEGIO HERIBERTO BALDINO ACUÑA CASTILL,14,Los Ríos,141,Valdivia,14107,Paillaco,1,,1.0,"No es posible reportar resultados, porque la cantidad de estudiantes evaluados es insuficiente. (6 o menos)",Observación de puntaje,0,v22025,2026-06-22,4b,2025,False
5095,4,ESCUELA LOS CRUCEROS,8,Biobío,82,Arauco,8205,Curanilahue,1,,1.0,"No es posible reportar resultados, porque la cantidad de estudiantes evaluados es insuficiente. (6 o menos)",Observación de puntaje,0,v22025,2026-06-22,4b,2025,False
16794,0,ESCUELA NUEVA MILLARAYEN,9,La Araucanía,91,Cautín,9106,Galvarino,1,,1.0,"No es posible reportar resultados, porque la cantidad de estudiantes evaluados es insuficiente. (6 o menos)",Observación de puntaje,0,v22025,2026-06-22,4b,2025,False
7694,5,ESCUELA RURAL ALTO BONITO,10,Los Lagos,101,Llanquihue,10101,Puerto Montt,1,,1.0,"No es posible reportar resultados, porque la cantidad de estudiantes evaluados es insuficiente. (6 o menos)",Observación de puntaje,0,v22025,2026-06-22,4b,2025,False
6323,1,ESCUELA WENUY KUDAU,9,La Araucanía,91,Cautín,9109,Loncoche,1,,1.0,"No es posible reportar resultados, porque la cantidad de estudiantes evaluados es insuficiente. (6 o menos)",Observación de puntaje,0,v22025,2026-06-22,4b,2025,False
8338,0,ESCUELA RURAL LONCONAO,10,Los Lagos,104,Palena,10402,Futaleufú,1,,1.0,"No es posible reportar resultados, porque la cantidad de estudiantes evaluados es insuficiente. (6 o menos)",Observación de puntaje,0,v22025,2026-06-22,4b,2025,False
7256,7,ESCUELA RURAL FOLILCO,14,Los Ríos,142,Ranco,14204,Río Bueno,0,,,,Sin alumnos evaluados,2,v22025,2026-06-22,4b,2025,False
558,4,COLEGIO PUNTA DE TEATINOS,4,Coquimbo,41,Elqui,4101,La Serena,1,,1.0,"No es posible reportar resultados, porque la cantidad de estudiantes evaluados es insuficiente. (6 o menos)",Observación de puntaje,0,v22025,2026-06-22,4b,2025,False
5513,1,ESC. BASICA TRANAMAN,9,La Araucanía,92,Malleco,9208,Purén,1,,1.0,"No es posible reportar resultados, porque la cantidad de estudiantes evaluados es insuficiente. (6 o menos)",Observación de puntaje,0,v22025,2026-06-22,4b,2025,False
3947,0,ESCUELA PANGAL DEL LAJA,16,Ñuble,161,Diguillín,16109,Yungay,1,,1.0,"No es posible reportar resultados, porque la cantidad de estudiantes evaluados es insuficiente. (6 o menos)",Observación de puntaje,0,v22025,2026-06-22,4b,2025,False
3406,1,ESCUELA CARLOS ZUÑIGA FUENTES,7,Maule,74,Linares,7404,Parral,1,,1.0,"No es posible reportar resultados, porque la cantidad de estudiantes evaluados es insuficiente. (6 o menos)",Observación de puntaje,0,v22025,2026-06-22,4b,2025,False
681,5,ESCUELA DE EL ARENAL,4,Coquimbo,41,Elqui,4106,Vicuña,1,,1.0,"No es posible reportar resultados, porque la cantidad de estudiantes evaluados es insuficiente. (6 o menos)",Observación de puntaje,0,v22025,2026-06-22,4b,2025,False
5364,3,ESCUELA MANCHURIA,9,La Araucanía,92,Malleco,9203,Curacautín,1,,1.0,"No es posible reportar resultados, porque la cantidad de estudiantes evaluados es insuficiente. (6 o menos)",Observación de puntaje,0,v22025,2026-06-22,4b,2025,False
6097,6,ESCUELA LAS VERTIENTES,9,La Araucanía,91,Cautín,9120,Villarrica,1,,1.0,"No es posible reportar resultados, porque la cantidad de estudiantes evaluados es insuficiente. (6 o menos)",Observación de puntaje,0,v22025,2026-06-22,4b,2025,False
1471,0,ESCUELA LIMACHITO,5,Valparaíso,58,Marga Marga,5802,Limache,12,289.0,2.0,"Por causas ajenas a la Agencia, los resultados no son representativos del desempeño de los estudiantes",Observación de puntaje,0,v22025,2026-06-22,4b,2025,True
5430,5,ESCUELA BASICA COLO,9,La Araucanía,92,Malleco,9211,Victoria,1,,1.0,"No es posible reportar resultados, porque la cantidad de estudiantes evaluados es insuficiente. (6 o menos)",Observación de puntaje,0,v22025,2026-06-22,4b,2025,False
3555,6,ESCUELA OCTAVIO PALMA PEREZ,7,Maule,72,Cauquenes,7201,Cauquenes,1,,1.0,"No es posible reportar resultados, porque la cantidad de estudiantes evaluados es insuficiente. (6 o menos)",Observación de puntaje,0,v22025,2026-06-22,4b,2025,False
5198,5,ESCUELA ALTO QUILANTAHUE,8,Biobío,82,Arauco,8207,Tirúa,1,,1.0,"No es posible reportar resultados, porque la cantidad de estudiantes evaluados es insuficiente. (6 o menos)",Observación de puntaje,0,v22025,2026-06-22,4b,2025,False
3870,9,ESCUELA PARTICULAR AMANECER,16,Ñuble,163,Punilla,16302,Coihueco,0,,,,Sin alumnos evaluados,3,v22025,2026-06-22,4b,2025,False
22656,4,COLEGIO LLACOLEN,10,Los Lagos,102,Chiloé,10208,Quellón,1,,1.0,"No es posible reportar resultados, porque la cantidad de estudiantes evaluados es insuficiente. (6 o menos)",Observación de puntaje,0,v22025,2026-06-22,4b,2025,False
24325,6,ESCUELA RURAL CERRO GUIDO,12,Magallanes y de la Antártica Chilena,124,Última Esperanza,12402,Torres del Paine,1,,1.0,"No es posible reportar resultados, porque la cantidad de estudiantes evaluados es insuficiente. (6 o menos)",Observación de puntaje,0,v22025,2026-06-22,4b,2025,False
4889,5,ESCUELA BASICA PENINHUEQUE,8,Biobío,81,Concepción,8104,Florida,1,,1.0,"No es posible reportar resultados, porque la cantidad de estudiantes evaluados es insuficiente. (6 o menos)",Observación de puntaje,0,v22025,2026-06-22,4b,2025,False
3223,9,ESCUELA DOMULGO,7,Maule,71,Talca,7103,Curepto,1,,1.0,"No es posible reportar resultados, porque la cantidad de estudiantes evaluados es insuficiente. (6 o menos)",Observación de puntaje,0,v22025,2026-06-22,4b,2025,False
4202,1,ESCUELA BASICA LOS TRONCOS,8,Biobío,83,Biobío,8301,Los Ángeles,0,,,,Sin alumnos evaluados,2,v22025,2026-06-22,4b,2025,False
2682,4,ESCUELA MUNICIPAL QUELENTARO,6,Libertador General Bernardo O'Higgins,62,Cardenal Caro,6203,Litueche,14,241.0,2.0,"Por causas ajenas a la Agencia, los resultados no son representativos del desempeño de los estudiantes",Observación de puntaje,0,v22025,2026-06-22,4b,2025,True
5633,2,ESCUELA CONOCO CHICO,9,La Araucanía,91,Cautín,9101,Temuco,1,,1.0,"No es posible reportar resultados, porque la cantidad de estudiantes evaluados es insuficiente. (6 o menos)",Observación de puntaje,0,v22025,2026-06-22,4b,2025,False
6841,1,COLEGIO VALLE DE LOS RIOS,14,Los Ríos,141,Valdivia,14101,Valdivia,0,,,,Sin alumnos evaluados,1,v22025,2026-06-22,4b,2025,False
22138,4,ESCUELA RURAL EL TIGRE,10,Los Lagos,104,Palena,10404,Palena,1,,1.0,"No es posible reportar resultados, porque la cantidad de estudiantes evaluados es insuficiente. (6 o menos)",Observación de puntaje,0,v22025,2026-06-22,4b,2025,False
6555,2,ESCUELA PARTICULAR PILMAIQUENCO,9,La Araucanía,91,Cautín,9102,Carahue,1,,1.0,"No es posible reportar resultados, porque la cantidad de estudiantes evaluados es insuficiente. (6 o menos)",Observación de puntaje,0,v22025,2026-06-22,4b,2025,False
870,2,ESCUELA BASICA CAMILO HENRIQUEZ GONZALE,4,Coquimbo,43,Limarí,4302,Combarbalá,1,,1.0,"No es posible reportar resultados, porque la cantidad de estudiantes evaluados es insuficiente. (6 o menos)",Observación de puntaje,0,v22025,2026-06-22,4b,2025,False
22095,7,ESCUELA PARTICULAR EL HUIRO,14,Los Ríos,141,Valdivia,14102,Corral,1,,1.0,"No es posible reportar resultados, porque la cantidad de estudiantes evaluados es insuficiente. (6 o menos)",Observación de puntaje,0,v22025,2026-06-22,4b,2025,False
7382,2,ESCUELA RURAL LOS ABEDULES,10,Los Lagos,103,Osorno,10301,Osorno,1,,1.0,"No es posible reportar resultados, porque la cantidad de estudiantes evaluados es insuficiente. (6 o menos)",Observación de puntaje,0,v22025,2026-06-22,4b,2025,False
9695,4,LICEO POLIVALENTE EUGENIO PEREIRA SALAS,13,Metropolitana de Santiago,131,Santiago,13121,Pedro Aguirre Cerda,10,202.0,2.0,"Por causas ajenas a la Agencia, los resultados no son representativos del desempeño de los estudiantes",Observación de puntaje,0,v22025,2026-06-22,4b,2025,True
7966,9,ESCUELA RURAL LINEA SOLAR,10,Los Lagos,101,Llanquihue,10107,Llanquihue,1,,1.0,"No es posible reportar resultados, porque la cantidad de estudiantes evaluados es insuficiente. (6 o menos)",Observación de puntaje,0,v22025,2026-06-22,4b,2025,False
4030,4,ESCUELA BASICA BLANCA ROSA GUZMAN REYES,16,Ñuble,162,Itata,16206,Ránquil,1,,1.0,"No es posible reportar resultados, porque la cantidad de estudiantes evaluados es insuficiente. (6 o menos)",Observación de puntaje,0,v22025,2026-06-22,4b,2025,False
6492,0,ESCUELA PARTICULAR DAGOBERTO GODOY,9,La Araucanía,91,Cautín,9116,Saavedra,1,,1.0,"No es posible reportar resultados, porque la cantidad de estudiantes evaluados es insuficiente. (6 o menos)",Observación de puntaje,0,v22025,2026-06-22,4b,2025,False
5410,0,ESCUELA PEHUENCO,9,La Araucanía,92,Malleco,9211,Victoria,1,,1.0,"No es posible reportar resultados, porque la cantidad de estudiantes evaluados es insuficiente. (6 o menos)",Observación de puntaje,0,v22025,2026-06-22,4b,2025,False
4328,1,ESCUELA BASICA CERRO PILQUE,8,Biobío,83,Biobío,8302,Antuco,1,,1.0,"No es posible reportar resultados, porque la cantidad de estudiantes evaluados es insuficiente. (6 o menos)",Observación de puntaje,0,v22025,2026-06-22,4b,2025,False
2705,7,ESCUELA TRINIDAD,6,Libertador General Bernardo O'Higgins,62,Cardenal Caro,6204,Marchihue,1,,1.0,"No es posible reportar resultados, porque la cantidad de estudiantes evaluados es insuficiente. (6 o menos)",Observación de puntaje,0,v22025,2026-06-22,4b,2025,False
2164,4,COLEGIO PARTICULAR GABRIELA MISTRAL,6,Libertador General Bernardo O'Higgins,61,Cachapoal,6101,Rancagua,20,297.0,2.0,"Por causas ajenas a la Agencia, los resultados no son representativos del desempeño de los estudiantes",Observación de puntaje,0,v22025,2026-06-22,4b,2025,True
